timestamp,ego_x,ego_y,ego_z,ego_roll,ego_pitch,ego_yaw,ego_velocity,ego_throttle,ego_brake,ego_steer,ego_lamp,obs0_x,obs0_y,obs0_z,obs0_roll,obs0_pitch,obs0_yaw,obs0_distance,obs0_tire_angle,obs0_lamp,obs1_x,obs1_y,obs1_z,obs1_roll,obs1_pitch,obs1_yaw,obs1_distance,obs1_tire_angle,obs1_lamp
0.136,-31.811,-391.414,0.034,0,0.001,1.561,11.317,0.414,0,0.001,0,-35.776,-388.662,0,0,0,1.56,1.788,0.057,0,-27.777,-388.752,0,0,0,1.56,1.906,0.057,0
0.182,-31.805,-390.898,0.034,0,0.001,1.561,11.334,0.414,0,0.001,0,-35.77,-388.142,0,0,0,1.56,1.788,0.057,0,-27.771,-388.232,0,0,0,1.56,1.906,0.057,0
0.227,-31.8,-390.384,0.035,0,0.001,1.561,11.326,0.414,0,0.001,0,-35.765,-387.632,0,0,0,1.56,1.788,0.057,0,-27.765,-387.722,0,0,0,1.56,1.907,0.057,0
0.272,-31.795,-389.869,0.035,0,0.001,1.561,11.318,0.076,0,0.001,0,-35.759,-387.112,0,0,0,1.56,1.787,0.057,0,-27.759,-387.202,0,0,0,1.56,1.908,0.057,0
0.318,-31.79,-389.355,0.035,0,0.001,1.561,11.31,0.076,0,0.001,0,-35.753,-386.602,0,0,0,1.56,1.786,0.057,0,-27.754,-386.692,0,0,0,1.56,1.908,0.057,0
0.363,-31.784,-388.841,0.035,0,0,1.56,11.302,0.067,0,0.001,0,-35.747,-386.082,0,0,0,1.559,1.788,0.057,0,-27.747,-386.172,0,0,0,1.559,1.906,0.057,0
0.409,-31.779,-388.328,0.035,0,0,1.56,11.294,0.067,0,0.001,0,-35.741,-385.572,0,0,0,1.559,1.787,0.057,0,-27.741,-385.662,0,0,0,1.559,1.907,0.057,0
0.455,-31.773,-387.814,0.035,0,0,1.56,11.287,0.082,0,0.001,0,-35.735,-385.062,0,0,0,1.559,1.787,0.057,0,-27.735,-385.152,0,0,0,1.559,1.907,0.057,0
0.5,-31.768,-387.302,0.035,0,0,1.56,11.279,0.082,0,0.001,0,-35.729,-384.552,0,0,0,1.559,1.786,0.057,0,-27.729,-384.642,0,0,0,1.559,1.908,0.057,0
0.546,-31.762,-386.789,0.035,0,0,1.56,11.271,0.098,0,0.001,0,-35.722,-384.032,0,0,0,1.559,1.785,0.057,0,-27.723,-384.122,0,0,0,1.559,1.908,0.057,0
0.591,-31.756,-386.277,0.035,0,0,1.56,11.263,0.098,0,0.001,0,-35.716,-383.522,0,0,0,1.559,1.785,0.057,0,-27.716,-383.612,0,0,0,1.559,1.909,0.057,0
0.636,-31.751,-385.766,0.035,0,0,1.559,11.255,0.113,0,0.001,0,-35.71,-383.012,0,0,0,1.559,1.789,0.057,0,-27.71,-383.102,0,0,0,1.559,1.909,0.057,0
0.682,-31.745,-385.254,0.035,0,0,1.559,11.293,0.113,0,0.001,0,-35.703,-382.502,0,0,0,1.558,1.786,0.057,0,-27.704,-382.592,0,0,0,1.558,1.907,0.057,0
0.727,-31.739,-384.737,0.035,0,0,1.559,11.388,0.113,0,0.001,0,-35.696,-381.972,0,0,0,1.558,1.785,0.057,0,-27.697,-382.082,0,0,0,1.558,1.908,0.057,0
0.773,-31.732,-384.218,0.035,0,0,1.559,11.44,0.137,0,0.001,0,-35.689,-381.452,0,0,0,1.558,1.785,0.057,0,-27.69,-381.562,0,0,0,1.558,1.908,0.057,0
0.819,-31.726,-383.697,0.035,0,0,1.559,11.46,0.137,0,0.001,0,-35.683,-380.932,0,0,0,1.558,1.785,0.057,0,-27.683,-381.042,0,0,0,1.558,1.909,0.057,0
0.863,-31.72,-383.177,0.035,0,0,1.559,11.454,0.003,0,0.001,0,-35.676,-380.412,0,0,0,1.558,1.784,0.057,0,-27.676,-380.522,0,0,0,1.558,1.91,0.057,0
0.91,-31.713,-382.657,0.035,0,0,1.559,11.425,0.003,0,0.001,0,-35.669,-379.892,0,0,0,1.558,1.784,0.057,0,-27.669,-380.002,0,0,0,1.558,1.91,0.057,0
0.955,-31.707,-382.139,0.035,0,0,1.558,11.38,0,0.007,0.001,1,-35.662,-379.372,0,0,0,1.557,1.786,0.057,0,-27.662,-379.482,0,0,0,1.557,1.909,0.057,0
1,-31.7,-381.624,0.035,0,0,1.558,11.323,0,0.007,0.001,1,-35.654,-378.862,0,0,0,1.557,1.785,0.057,0,-27.655,-378.972,0,0,0,1.557,1.909,0.057,0
1.046,-31.694,-381.111,0.035,0,0,1.558,11.258,0,0.003,0.001,1,-35.647,-378.342,0,0,0,1.557,1.784,0.057,0,-27.648,-378.452,0,0,0,1.557,1.91,0.057,0
1.092,-31.687,-380.601,0.035,0,0,1.558,11.189,0,0.003,0.001,1,-35.64,-377.833,0,0,0,1.557,1.784,0.057,0,-27.641,-377.943,0,0,0,1.557,1.91,0.057,0
1.137,-31.68,-380.095,0.035,0,0,1.558,11.119,0.132,0,0.001,0,-35.633,-377.333,0,0,0,1.557,1.784,0.057,0,-27.634,-377.443,0,0,0,1.557,1.91,0.057,0
1.182,-31.674,-379.592,0.035,0,0,1.558,11.052,0.132,0,0.001,0,-35.626,-376.823,0,0,0,1.557,1.783,0.057,0,-27.626,-376.933,0,0,0,1.557,1.912,0.057,0
1.227,-31.667,-379.091,0.035,0,0,1.557,10.988,0.132,0,0.001,0,-35.618,-376.323,0,0,0,1.557,1.786,0.057,0,-27.619,-376.433,0,0,0,1.557,1.911,0.057,0
1.273,-31.66,-378.594,0.035,0,0,1.557,10.927,0.272,0,0.001,0,-35.611,-375.833,0,0,0,1.556,1.784,0.057,0,-27.612,-375.943,0,0,0,1.556,1.909,0.057,0
1.318,-31.653,-378.099,0.035,0,-0.001,1.557,10.874,0.272,0,0.001,0,-35.604,-375.333,0,0,0,1.556,1.785,0.057,0,-27.604,-375.443,0,0,0,1.556,1.91,0.057,0
1.364,-31.646,-377.606,0.035,0,0,1.557,10.827,0.403,0,0.001,0,-35.596,-374.843,0,0,0,1.556,1.783,0.057,1,-27.597,-374.953,0,0,0,1.556,1.91,0.057,1
1.409,-31.639,-377.115,0.035,0,0,1.557,10.791,0.403,0,0.001,0,-35.589,-374.353,0,0,0,1.556,1.783,0.057,1,-27.59,-374.463,0,0,0,1.556,1.91,0.057,1
1.455,-31.632,-376.625,0.035,0,0,1.557,10.763,0.518,0,0.001,0,-35.581,-373.863,0,0,0,1.556,1.782,0.057,1,-27.582,-373.973,0,0,0,1.556,1.911,0.057,1
1.5,-31.625,-376.137,0.035,0,0,1.556,10.746,0.518,0,0.001,0,-35.574,-373.363,0,0,0,1.556,1.787,0.057,1,-27.575,-373.493,0,0,0,1.556,1.91,0.057,1
1.546,-31.618,-375.649,0.035,0,0,1.556,10.739,0.601,0,0.001,0,-35.566,-372.873,0,0,0,1.556,1.786,0.057,1,-27.567,-373.003,0,0,0,1.556,1.911,0.057,1
1.591,-31.611,-375.16,0.035,0,0,1.556,10.74,0.601,0,0.001,0,-35.558,-372.383,0,0,0,1.555,1.783,0.057,1,-27.559,-372.513,0,0,0,1.555,1.91,0.057,1
1.636,-31.603,-374.672,0.035,0,0,1.556,10.749,0.601,0,0.001,0,-35.55,-371.893,0,0,0,1.555,1.783,0.057,0,-27.552,-372.023,0,0,0,1.555,1.909,0.057,0
1.681,-31.596,-374.183,0.035,0,0,1.556,10.763,0.653,0,0.001,0,-35.543,-371.413,0,0,0,1.555,1.783,0.057,0,-27.544,-371.543,0,0,0,1.555,1.911,0.057,0
1.727,-31.588,-373.693,0.035,0,0,1.556,10.784,0.653,0,0.001,0,-35.535,-370.923,0,0,0,1.555,1.783,0.057,0,-27.536,-371.053,0,0,0,1.555,1.911,0.057,0
1.773,-31.581,-373.202,0.035,0,0,1.555,10.809,0.643,0,0.001,0,-35.527,-370.423,0,0,0,1.555,1.787,0.057,0,-27.528,-370.553,0,0,0,1.555,1.911,0.057,0
1.819,-31.573,-372.71,0.035,0,0,1.555,10.837,0.643,0,0.001,0,-35.519,-369.933,0,0,0,1.555,1.787,0.057,0,-27.52,-370.063,0,0,0,1.555,1.911,0.057,0
1.864,-31.565,-372.217,0.035,0,0,1.555,10.866,0.608,0,0.001,0,-35.51,-369.444,0,0,0,1.555,1.786,0.057,0,-27.512,-369.574,0,0,0,1.555,1.911,0.057,0
1.909,-31.557,-371.722,0.035,0,0,1.555,10.895,0.608,0,0.001,0,-35.502,-368.944,0,0,0,1.554,1.784,0.057,0,-27.503,-369.074,0,0,0,1.554,1.91,0.057,0
1.955,-31.549,-371.226,0.035,0,0,1.555,10.923,0.556,0,0.001,0,-35.494,-368.454,0,0,0,1.554,1.784,0.057,0,-27.495,-368.584,0,0,0,1.554,1.91,0.057,0
2,-31.541,-370.729,0.035,0,0,1.555,10.948,0.556,0,0.001,0,-35.485,-367.954,0,0,0,1.554,1.783,0.057,0,-27.486,-368.084,0,0,0,1.554,1.911,0.057,0
2.045,-31.533,-370.23,0.035,0,0,1.555,10.97,0.498,0,0.001,0,-35.477,-367.454,0,0,0,1.554,1.783,0.057,0,-27.478,-367.584,0,0,0,1.554,1.911,0.057,0
2.091,-31.525,-369.731,0.035,0,0,1.554,10.988,0.498,0,0.001,0,-35.468,-366.954,0,0,0,1.554,1.787,0.057,0,-27.469,-367.084,0,0,0,1.554,1.911,0.057,0
2.136,-31.517,-369.232,0.035,0,0,1.554,11.003,0.498,0,0.001,0,-35.459,-366.454,0,0,0,1.554,1.786,0.057,0,-27.46,-366.584,0,0,0,1.554,1.912,0.057,0
2.182,-31.508,-368.731,0.035,0,0,1.554,11.013,0.423,0,0.001,0,-35.45,-365.954,0,0,0,1.553,1.784,0.057,0,-27.451,-366.084,0,0,0,1.553,1.91,0.057,0
2.227,-31.5,-368.23,0.035,0,0,1.554,11.019,0.423,0,0.001,0,-35.441,-365.454,0,0,0,1.553,1.783,0.057,0,-27.443,-365.584,0,0,0,1.553,1.91,0.057,0
2.273,-31.491,-367.73,0.035,0,0,1.554,11.02,0.391,0,0.001,0,-35.432,-364.944,0,0,0,1.553,1.783,0.057,0,-27.434,-365.094,0,0,0,1.553,1.91,0.057,0
2.318,-31.482,-367.229,0.035,0,0,1.554,11.016,0.391,0,0.001,0,-35.423,-364.444,0,0,0,1.553,1.783,0.057,0,-27.425,-364.594,0,0,0,1.553,1.91,0.057,0
2.364,-31.474,-366.728,0.035,0,0,1.553,11.01,0.374,0,0.001,0,-35.414,-363.944,0,0,0,1.553,1.786,0.057,0,-27.416,-364.094,0,0,0,1.553,1.91,0.057,0
2.41,-31.465,-366.228,0.035,0,0,1.553,11,0.374,0,0.001,0,-35.405,-363.444,0,0,0,1.553,1.786,0.057,0,-27.406,-363.594,0,0,0,1.553,1.911,0.057,0
2.454,-31.456,-365.729,0.035,0,0,1.553,10.988,0.377,0,0.001,0,-35.396,-362.945,0,0,0,1.553,1.786,0.057,0,-27.397,-363.095,0,0,0,1.553,1.911,0.057,0
2.5,-31.447,-365.23,0.035,0,0,1.553,10.975,0.377,0,0.001,0,-35.386,-362.445,0,0,0,1.552,1.784,0.057,0,-27.388,-362.595,0,0,0,1.552,1.91,0.057,0
2.546,-31.438,-364.732,0.035,0,0,1.553,10.961,0.405,0,0.001,0,-35.377,-361.945,0,0,0,1.552,1.784,0.057,0,-27.378,-362.095,0,0,0,1.552,1.911,0.057,0
2.591,-31.429,-364.234,0.035,0,0,1.553,10.948,0.405,0,0.001,0,-35.367,-361.445,0,0,0,1.552,1.783,0.057,0,-27.369,-361.595,0,0,0,1.552,1.91,0.057,0
2.637,-31.42,-363.737,0.035,0,0,1.553,10.936,0.405,0,0.001,0,-35.358,-360.955,0,0,0,1.552,1.783,0.057,0,-27.359,-361.105,0,0,0,1.552,1.912,0.057,0
2.682,-31.411,-363.24,0.035,0,0,1.552,10.924,0.432,0,0.001,0,-35.348,-360.455,0,0,0,1.552,1.786,0.057,0,-27.35,-360.605,0,0,0,1.552,1.911,0.057,0
2.728,-31.401,-362.744,0.035,0,0,1.552,10.914,0.432,0,0.001,0,-35.339,-359.955,0,0,0,1.552,1.787,0.057,0,-27.34,-360.105,0,0,0,1.552,1.911,0.057,0
2.773,-31.392,-362.248,0.035,0,0,1.552,10.906,0.458,0,0.001,0,-35.329,-359.465,0,0,0,1.552,1.786,0.057,0,-27.33,-359.615,0,0,0,1.552,1.912,0.057,0
2.818,-31.383,-361.753,0.035,0,0,1.552,10.899,0.458,0,0.001,0,-35.319,-358.965,0,0,0,1.551,1.783,0.057,0,-27.32,-359.115,0,0,0,1.551,1.911,0.057,0
2.864,-31.373,-361.258,0.035,0,0,1.552,10.894,0.48,0,0.001,0,-35.309,-358.475,0,0,0,1.551,1.783,0.057,0,-27.311,-358.625,0,0,0,1.551,1.91,0.057,0
2.909,-31.364,-360.763,0.035,0,0,1.552,10.892,0.48,0,0.001,0,-35.299,-357.975,0,0,0,1.551,1.782,0.057,0,-27.301,-358.125,0,0,0,1.551,1.911,0.057,0
2.955,-31.354,-360.268,0.035,0,0,1.551,10.891,0.495,0,0.001,0,-35.289,-357.486,0,0,0,1.551,1.787,0.057,0,-27.291,-357.636,0,0,0,1.551,1.91,0.057,0
3,-31.344,-359.773,0.035,0,0,1.551,10.892,0.495,0,0.001,0,-35.279,-356.976,0,0,0,1.551,1.787,0.057,0,-27.281,-357.146,0,0,0,1.551,1.91,0.057,0
3.046,-31.334,-359.277,0.035,0,0,1.551,10.895,0.495,0,0.001,0,-35.269,-356.486,0,0,0,1.551,1.787,0.057,0,-27.271,-356.656,0,0,0,1.551,1.91,0.057,0
3.092,-31.325,-358.782,0.035,0,0,1.551,10.898,0.503,0,0.001,0,-35.259,-355.986,0,0,0,1.55,1.784,0.057,0,-27.26,-356.156,0,0,0,1.55,1.91,0.057,0
3.136,-31.315,-358.287,0.035,0,0,1.551,10.903,0.503,0,0.001,0,-35.248,-355.496,0,0,0,1.55,1.783,0.057,0,-27.25,-355.666,0,0,0,1.55,1.91,0.057,0
3.182,-31.305,-357.791,0.035,0,0,1.551,10.908,0.5,0,0.001,0,-35.238,-354.996,0,0,0,1.55,1.783,0.057,0,-27.24,-355.166,0,0,0,1.55,1.91,0.057,0
3.227,-31.295,-357.295,0.035,0,0,1.551,10.914,0.5,0,0.001,0,-35.227,-354.496,0,0,0,1.55,1.782,0.057,0,-27.229,-354.666,0,0,0,1.55,1.911,0.057,0
3.273,-31.284,-356.799,0.035,0,0,1.55,10.92,0.492,0,0.001,0,-35.217,-354.006,0,0,0,1.55,1.788,0.057,0,-27.219,-354.176,0,0,0,1.55,1.91,0.057,0
3.319,-31.274,-356.303,0.035,0,0,1.55,10.925,0.492,0,0.001,0,-35.206,-353.506,0,0,0,1.55,1.787,0.057,0,-27.208,-353.676,0,0,0,1.55,1.91,0.057,0
3.364,-31.264,-355.806,0.035,0,0,1.55,10.93,0.481,0,0.001,0,-35.196,-353.017,0,0,0,1.55,1.787,0.057,0,-27.198,-353.187,0,0,0,1.55,1.911,0.057,0
3.409,-31.253,-355.309,0.035,0,0,1.55,10.935,0.481,0,0.001,0,-35.185,-352.517,0,0,0,1.549,1.785,0.057,0,-27.187,-352.687,0,0,0,1.549,1.909,0.057,0
3.455,-31.243,-354.812,0.035,0,0,1.55,10.939,0.47,0,0.001,0,-35.174,-352.017,0,0,0,1.549,1.784,0.057,0,-27.176,-352.187,0,0,0,1.549,1.91,0.057,0
3.5,-31.232,-354.315,0.035,0,0,1.55,10.942,0.47,0,0.001,0,-35.163,-351.517,0,0,0,1.549,1.784,0.057,0,-27.165,-351.687,0,0,0,1.549,1.91,0.057,0
3.546,-31.222,-353.818,0.035,0,0,1.55,10.945,0.47,0,0.001,0,-35.152,-351.027,0,0,0,1.549,1.783,0.057,0,-27.154,-351.197,0,0,0,1.549,1.911,0.057,0
3.591,-31.211,-353.32,0.035,0,0,1.549,10.946,0.456,0,0.001,0,-35.141,-350.527,0,0,0,1.549,1.787,0.057,0,-27.143,-350.697,0,0,0,1.549,1.91,0.057,0
3.637,-31.2,-352.823,0.035,0,0,1.549,10.947,0.456,0,0.001,0,-35.13,-350.027,0,0,0,1.549,1.788,0.057,0,-27.132,-350.197,0,0,0,1.549,1.91,0.057,0
3.682,-31.19,-352.325,0.035,0,0,1.549,10.947,0.451,0,0.001,0,-35.119,-349.527,0,0,0,1.549,1.787,0.057,0,-27.12,-349.697,0,0,0,1.549,1.912,0.057,0
3.727,-31.179,-351.828,0.035,0,0,1.549,10.946,0.451,0,0.001,0,-35.107,-349.038,0,0,0,1.548,1.784,0.057,0,-27.109,-349.208,0,0,0,1.548,1.91,0.057,0
3.773,-31.168,-351.33,0.035,0,0,1.549,10.945,0.449,0,0.001,0,-35.096,-348.528,0,0,0,1.548,1.784,0.057,0,-27.098,-348.718,0,0,0,1.548,1.91,0.057,0
3.818,-31.157,-350.833,0.035,0,0,1.549,10.943,0.449,0,0.001,0,-35.084,-348.028,0,0,0,1.548,1.783,0.057,0,-27.087,-348.218,0,0,0,1.548,1.91,0.057,0
3.864,-31.145,-350.336,0.035,0,0,1.549,10.941,0.45,0,0.001,0,-35.073,-347.528,0,0,0,1.548,1.784,0.057,0,-27.075,-347.718,0,0,0,1.548,1.91,0.057,0
3.91,-31.134,-349.839,0.035,0,0,1.548,10.938,0.45,0,0.001,0,-35.061,-347.038,0,0,0,1.548,1.787,0.057,0,-27.064,-347.228,0,0,0,1.548,1.909,0.057,0
3.954,-31.123,-349.342,0.035,0,0,1.548,10.936,0.455,0,0.001,0,-35.049,-346.538,0,0,0,1.548,1.786,0.057,0,-27.052,-346.728,0,0,0,1.548,1.91,0.057,0
4,-31.112,-348.845,0.035,0,0,1.548,10.933,0.455,0,0.001,0,-35.038,-346.038,0,0,0,1.548,1.786,0.057,0,-27.04,-346.228,0,0,0,1.548,1.911,0.057,0
4.046,-31.1,-348.348,0.035,0,0,1.548,10.931,0.455,0,0.001,0,-35.026,-345.548,0,0,0,1.547,1.785,0.057,0,-27.028,-345.738,0,0,0,1.547,1.91,0.057,0
4.091,-31.089,-347.851,0.035,0,0,1.548,10.929,0.461,0,0.001,0,-35.014,-345.049,0,0,0,1.547,1.784,0.057,0,-27.016,-345.239,0,0,0,1.547,1.911,0.057,0
4.137,-31.077,-347.355,0.035,0,0,1.548,10.927,0.461,0,0.001,0,-35.002,-344.549,0,0,0,1.547,1.784,0.057,0,-27.004,-344.739,0,0,0,1.547,1.91,0.057,0
4.182,-31.065,-346.858,0.035,0,0,1.547,10.926,0.465,0,0.001,0,-34.99,-344.059,0,0,0,1.547,1.788,0.057,0,-26.992,-344.249,0,0,0,1.547,1.91,0.057,0
4.228,-31.054,-346.362,0.035,0,0,1.547,10.925,0.465,0,0.001,0,-34.978,-343.559,0,0,0,1.547,1.787,0.057,0,-26.98,-343.749,0,0,0,1.547,1.911,0.057,0
4.273,-31.042,-345.865,0.035,0,0,1.547,10.924,0.469,0,0.001,0,-34.966,-343.059,0,0,0,1.547,1.787,0.057,0,-26.968,-343.249,0,0,0,1.547,1.911,0.057,0
4.318,-31.03,-345.369,0.035,0,0,1.547,10.924,0.469,0,0.001,0,-34.954,-342.569,0,0,0,1.546,1.785,0.057,0,-26.956,-342.759,0,0,0,1.546,1.909,0.057,0
4.363,-31.018,-344.873,0.035,0,0,1.547,10.924,0.472,0,0.001,0,-34.941,-342.07,0,0,0,1.546,1.784,0.057,0,-26.944,-342.259,0,0,0,1.546,1.909,0.057,0
4.409,-31.006,-344.376,0.035,0,0,1.547,10.924,0.472,0,0.001,0,-34.929,-341.57,0,0,0,1.546,1.784,0.057,0,-26.931,-341.76,0,0,0,1.546,1.91,0.057,0
4.455,-30.994,-343.88,0.035,0,0,1.547,10.925,0.472,0,0.001,0,-34.916,-341.08,0,0,0,1.546,1.783,0.057,0,-26.919,-341.27,0,0,0,1.546,1.91,0.057,0
4.5,-30.982,-343.383,0.035,0,0,1.546,10.926,0.473,0,0.001,0,-34.904,-340.58,0,0,0,1.546,1.788,0.057,0,-26.906,-340.77,0,0,0,1.546,1.91,0.057,0
4.545,-30.97,-342.887,0.035,0,0,1.546,10.927,0.473,0,0.001,0,-34.891,-340.07,0,0,0,1.546,1.787,0.057,0,-26.894,-340.28,0,0,0,1.546,1.91,0.057,0
4.591,-30.957,-342.39,0.035,0,0,1.546,10.928,0.472,0,0.001,0,-34.878,-339.58,0,0,0,1.546,1.787,0.057,0,-26.881,-339.79,0,0,0,1.546,1.91,0.057,0
4.636,-30.945,-341.894,0.035,0,0,1.546,10.929,0.472,0,0.001,0,-34.866,-339.08,0,0,0,1.545,1.785,0.057,0,-26.868,-339.29,0,0,0,1.545,1.909,0.057,0
4.683,-30.933,-341.397,0.035,0,0,1.546,10.93,0.47,0,0.001,0,-34.853,-338.581,0,0,0,1.545,1.784,0.057,0,-26.855,-338.791,0,0,0,1.545,1.91,0.057,0
4.728,-30.92,-340.9,0.035,0,0,1.546,10.931,0.47,0,0.001,0,-34.84,-338.091,0,0,0,1.545,1.784,0.057,0,-26.843,-338.301,0,0,0,1.545,1.909,0.057,0
4.773,-30.907,-340.403,0.035,0,0,1.546,10.932,0.468,0,0.001,0,-34.827,-337.591,0,0,0,1.545,1.784,0.057,0,-26.83,-337.801,0,0,0,1.545,1.909,0.057,0
4.819,-30.895,-339.907,0.035,0,0,1.545,10.933,0.468,0,0.001,0,-34.814,-337.091,0,0,0,1.545,1.788,0.057,0,-26.816,-337.301,0,0,0,1.545,1.91,0.057,0
4.864,-30.882,-339.41,0.035,0,0,1.545,10.934,0.466,0,0.001,0,-34.8,-336.591,0,0,0,1.545,1.787,0.057,0,-26.803,-336.801,0,0,0,1.545,1.91,0.057,0
4.91,-30.869,-338.913,0.035,0,0,1.545,10.935,0.466,0,0.001,0,-34.787,-336.101,0,0,0,1.545,1.787,0.057,0,-26.79,-336.311,0,0,0,1.545,1.911,0.057,0
4.955,-30.856,-338.416,0.035,0,0,1.545,10.935,0.466,0,0.001,0,-34.774,-335.602,0,0,0,1.544,1.785,0.057,0,-26.777,-335.812,0,0,0,1.544,1.909,0.057,0
5,-30.843,-337.919,0.035,0,0,1.545,10.935,0.464,0,0.001,0,-34.761,-335.102,0,0,0,1.544,1.785,0.057,0,-26.763,-335.312,0,0,0,1.544,1.909,0.057,0
5.045,-30.83,-337.422,0.035,0,0,1.545,10.936,0.464,0,0.001,0,-34.747,-334.612,0,0,0,1.544,1.784,0.057,0,-26.75,-334.822,0,0,0,1.544,1.91,0.057,0
5.091,-30.817,-336.925,0.035,0,0,1.545,10.936,0.463,0,0.001,0,-34.734,-334.112,0,0,0,1.544,1.784,0.057,0,-26.737,-334.322,0,0,0,1.544,1.91,0.057,0
5.137,-30.804,-336.429,0.035,0,0,1.544,10.935,0.463,0,0.001,0,-34.72,-333.612,0,0,0,1.544,1.788,0.057,0,-26.723,-333.822,0,0,0,1.544,1.91,0.057,0
5.182,-30.791,-335.932,0.035,0,0,1.544,10.935,0.463,0,0.001,0,-34.707,-333.123,0,0,0,1.544,1.787,0.057,0,-26.709,-333.333,0,0,0,1.544,1.911,0.057,0
5.228,-30.777,-335.435,0.035,0,0,1.544,10.935,0.463,0,0.001,0,-34.693,-332.623,0,0,0,1.543,1.786,0.057,0,-26.696,-332.833,0,0,0,1.543,1.908,0.057,0
5.273,-30.764,-334.938,0.035,0,0,1.544,10.935,0.463,0,0.001,0,-34.679,-332.123,0,0,0,1.543,1.785,0.057,0,-26.682,-332.333,0,0,0,1.543,1.909,0.057,0
5.318,-30.75,-334.441,0.035,0,0,1.544,10.934,0.463,0,0.001,0,-34.665,-331.613,0,0,0,1.543,1.785,0.057,0,-26.668,-331.843,0,0,0,1.543,1.909,0.057,0
5.363,-30.737,-333.944,0.035,0,0,1.544,10.934,0.464,0,0.001,0,-34.651,-331.123,0,0,0,1.543,1.784,0.057,0,-26.654,-331.353,0,0,0,1.543,1.91,0.057,0
5.409,-30.723,-333.448,0.035,0,0,1.543,10.933,0.464,0,0.001,0,-34.637,-330.624,0,0,0,1.543,1.788,0.057,0,-26.64,-330.854,0,0,0,1.543,1.909,0.057,0
5.455,-30.709,-332.951,0.035,0,0,1.543,10.933,0.464,0,0.001,0,-34.623,-330.124,0,0,0,1.543,1.789,0.057,0,-26.626,-330.354,0,0,0,1.543,1.909,0.057,0
5.501,-30.696,-332.454,0.035,0,0,1.543,10.933,0.465,0,0.001,0,-34.609,-329.634,0,0,0,1.543,1.787,0.057,0,-26.612,-329.864,0,0,0,1.543,1.91,0.057,0
5.545,-30.682,-331.957,0.035,0,0,1.543,10.932,0.465,0,0.001,0,-34.594,-329.134,0,0,0,1.542,1.785,0.057,0,-26.598,-329.364,0,0,0,1.542,1.908,0.057,0
5.591,-30.668,-331.461,0.035,0,0,1.543,10.932,0.466,0,0.001,0,-34.58,-328.634,0,0,0,1.542,1.785,0.057,0,-26.583,-328.864,0,0,0,1.542,1.909,0.057,0
5.637,-30.654,-330.964,0.035,0,0,1.543,10.932,0.466,0,0.001,0,-34.566,-328.145,0,0,0,1.542,1.785,0.057,0,-26.569,-328.375,0,0,0,1.542,1.91,0.057,0
5.682,-30.64,-330.467,0.035,0,0,1.543,10.932,0.467,0,0.001,0,-34.551,-327.645,0,0,0,1.542,1.784,0.057,0,-26.555,-327.875,0,0,0,1.542,1.909,0.057,0
5.728,-30.626,-329.97,0.035,0,0,1.542,10.932,0.467,0,0.001,0,-34.537,-327.145,0,0,0,1.542,1.788,0.057,0,-26.54,-327.375,0,0,0,1.542,1.91,0.057,0
5.773,-30.611,-329.473,0.035,0,0,1.542,10.932,0.467,0,0.001,0,-34.522,-326.645,0,0,0,1.542,1.788,0.057,0,-26.525,-326.875,0,0,0,1.542,1.91,0.057,0
5.818,-30.597,-328.977,0.035,0,0,1.542,10.932,0.467,0,0.001,0,-34.507,-326.155,0,0,0,1.542,1.787,0.057,0,-26.511,-326.385,0,0,0,1.542,1.91,0.057,0
5.864,-30.583,-328.48,0.035,0,0,1.542,10.933,0.467,0,0.001,0,-34.492,-325.656,0,0,0,1.541,1.784,0.057,0,-26.496,-325.886,0,0,0,1.541,1.909,0.057,0
5.909,-30.568,-327.983,0.035,0,0,1.542,10.933,0.467,0,0.001,0,-34.478,-325.156,0,0,0,1.541,1.786,0.057,0,-26.481,-325.386,0,0,0,1.541,1.909,0.057,0
5.955,-30.554,-327.486,0.035,0,0,1.542,10.933,0.467,0,0.001,0,-34.463,-324.666,0,0,0,1.541,1.784,0.057,0,-26.466,-324.896,0,0,0,1.541,1.91,0.057,0
6,-30.539,-326.99,0.035,0,0,1.542,10.933,0.467,0,0.001,0,-34.448,-324.166,0,0,0,1.541,1.784,0.057,0,-26.451,-324.396,0,0,0,1.541,1.91,0.057,0
6.046,-30.525,-326.493,0.035,0,0,1.541,10.934,0.467,0,0.001,0,-34.433,-323.667,0,0,0,1.541,1.788,0.057,0,-26.436,-323.897,0,0,0,1.541,1.91,0.057,0
6.091,-30.51,-325.996,0.035,0,0,1.541,10.934,0.467,0,0.001,0,-34.417,-323.167,0,0,0,1.541,1.787,0.057,0,-26.421,-323.397,0,0,0,1.541,1.91,0.057,0
6.137,-30.495,-325.499,0.035,0,0,1.541,10.934,0.467,0,0.001,0,-34.402,-322.667,0,0,0,1.541,1.787,0.057,0,-26.405,-322.897,0,0,0,1.541,1.911,0.057,0
6.183,-30.48,-325.003,0.035,0,0,1.541,10.935,0.466,0,0.001,0,-34.387,-322.167,0,0,0,1.54,1.785,0.057,0,-26.39,-322.387,0,0,0,1.54,1.908,0.057,0
6.227,-30.465,-324.506,0.035,0,0,1.541,10.935,0.466,0,0.001,0,-34.371,-321.667,0,0,0,1.54,1.785,0.057,0,-26.374,-321.877,0,0,0,1.54,1.909,0.057,0
6.273,-30.45,-324.009,0.035,0,0,1.541,10.935,0.466,0,0.001,0,-34.356,-321.178,0,0,0,1.54,1.784,0.057,0,-26.358,-321.368,0,0,0,1.54,1.91,0.057,0
6.318,-30.435,-323.512,0.035,0,0,1.541,10.935,0.466,0,0.001,0,-34.34,-320.678,0,0,0,1.54,1.783,0.057,0,-26.342,-320.858,0,0,0,1.54,1.91,0.057,0
6.364,-30.42,-323.015,0.035,0,0,1.54,10.935,0.466,0,0.001,0,-34.325,-320.178,0,0,0,1.54,1.788,0.057,0,-26.326,-320.348,0,0,0,1.54,1.91,0.057,0
6.409,-30.405,-322.518,0.035,0,0,1.54,10.935,0.466,0,0.001,0,-34.309,-319.688,0,0,0,1.54,1.787,0.057,0,-26.31,-319.828,0,0,0,1.54,1.91,0.057,0
6.454,-30.389,-322.022,0.035,0,0,1.54,10.935,0.466,0,0.001,0,-34.294,-319.189,0,0,0,1.539,1.786,0.057,0,-26.293,-319.309,0,0,0,1.539,1.909,0.057,0
6.5,-30.374,-321.525,0.035,0,0,1.54,10.935,0.465,0,0.001,0,-34.278,-318.689,0,0,0,1.539,1.785,0.057,0,-26.277,-318.789,0,0,0,1.539,1.909,0.057,0
6.546,-30.358,-321.028,0.035,0,0,1.54,10.935,0.465,0,0.001,0,-34.262,-318.199,0,0,0,1.539,1.785,0.057,0,-26.26,-318.269,0,0,0,1.539,1.909,0.057,0
6.591,-30.343,-320.531,0.035,0,0,1.54,10.935,0.465,0,0.001,0,-34.246,-317.699,0,0,0,1.539,1.784,0.057,0,-26.243,-317.74,0,0,0,1.539,1.91,0.057,0
6.636,-30.327,-320.034,0.035,0,0,1.539,10.935,0.465,0,0.001,0,-34.23,-317.2,0,0,0,1.539,1.789,0.057,0,-26.226,-317.22,0,0,0,1.539,1.909,0.057,0
6.682,-30.312,-319.538,0.035,0,0,1.539,10.935,0.465,0,0.001,0,-34.214,-316.7,0,0,0,1.539,1.788,0.057,0,-26.209,-316.69,0,0,0,1.539,1.91,0.057,0
6.727,-30.296,-319.041,0.035,0,0,1.539,10.935,0.465,0,0.001,0,-34.198,-316.21,0,0,0,1.539,1.788,0.057,0,-26.192,-316.16,0,0,0,1.538,1.908,0.057,0
6.773,-30.28,-318.544,0.035,0,0,1.539,10.935,0.466,0,0.001,0,-34.181,-315.711,0,0,0,1.538,1.785,0.057,0,-26.174,-315.621,0,0,0,1.538,1.909,0.057,0
6.819,-30.264,-318.047,0.035,0,0,1.539,10.935,0.466,0,0.001,0,-34.165,-315.201,0,0,0,1.538,1.785,0.057,0,-26.157,-315.091,0,0,0,1.538,1.909,0.057,0
6.864,-30.248,-317.55,0.035,0,0,1.539,10.935,0.466,0,0.001,0,-34.148,-314.711,0,0,0,1.538,1.784,0.057,0,-26.139,-314.551,0,0,0,1.538,1.91,0.057,0
6.91,-30.232,-317.053,0.035,0,0,1.539,10.935,0.466,0,0.001,0,-34.132,-314.211,0,0,0,1.538,1.784,0.057,0,-26.121,-314.012,0,0,0,1.538,1.91,0.057,0
6.954,-30.216,-316.557,0.035,0,0,1.538,10.935,0.466,0,0.001,0,-34.115,-313.712,0,0,0,1.538,1.788,0.057,0,-26.103,-313.472,0,0,0,1.538,1.91,0.057,0
7.001,-30.2,-316.06,0.035,0,0,1.538,10.935,0.466,0,0.001,0,-34.099,-313.212,0,0,0,1.538,1.788,0.057,0,-26.085,-312.932,0,0,0,1.538,1.91,0.057,0
7.045,-30.183,-315.563,0.035,0,0,1.538,10.936,0.466,0,0.001,0,-34.082,-312.722,0,0,0,1.538,1.788,0.057,0,-26.066,-312.382,0,0,0,1.537,1.909,0.057,0
7.091,-30.167,-315.066,0.035,0,0,1.538,10.936,0.466,0,0.001,0,-34.065,-312.222,0,0,0,1.537,1.785,0.057,0,-26.047,-311.833,0,0,0,1.537,1.91,0.057,0
7.137,-30.151,-314.569,0.035,0,0,1.538,10.936,0.466,0,0.001,0,-34.048,-311.723,0,0,0,1.537,1.784,0.057,0,-26.029,-311.293,0,0,0,1.537,1.91,0.057,0
7.183,-30.134,-314.073,0.035,0,0,1.538,10.936,0.466,0,0.001,0,-34.032,-311.233,0,0,0,1.537,1.785,0.057,0,-26.01,-310.733,0,0,0,1.537,1.91,0.057,0
7.227,-30.118,-313.576,0.035,0,0,1.538,10.936,0.466,0,0.001,0,-34.015,-310.733,0,0,0,1.537,1.784,0.057,0,-25.991,-310.184,0,0,0,1.537,1.912,0.057,0
7.273,-30.101,-313.079,0.035,0,0,1.537,10.936,0.466,0,0.001,0,-33.997,-310.234,0,0,0,1.537,1.787,0.057,0,-25.972,-309.624,0,0,0,1.537,1.91,0.057,0
7.318,-30.084,-312.582,0.035,0,0,1.537,10.936,0.466,0,0.001,0,-33.981,-309.744,0,0,0,1.537,1.788,0.057,0,-25.953,-309.074,0,0,0,1.536,1.908,0.057,0
7.364,-30.067,-312.085,0.035,0,0,1.537,10.936,0.466,0,0.001,0,-33.963,-309.244,0,0,0,1.537,1.787,0.057,0,-25.933,-308.515,0,0,0,1.536,1.909,0.057,0
7.41,-30.051,-311.588,0.035,0,0,1.537,10.936,0.466,0,0.001,0,-33.946,-308.745,0,0,0,1.536,1.785,0.057,0,-25.913,-307.945,0,0,0,1.536,1.911,0.057,0
7.455,-30.034,-311.092,0.035,0,0,1.537,10.936,0.466,0,0.001,0,-33.928,-308.245,0,0,0,1.536,1.784,0.057,0,-25.893,-307.385,0,0,0,1.536,1.911,0.057,0
7.5,-30.017,-310.595,0.035,0,0,1.537,10.937,0.466,0,0.001,0,-33.911,-307.755,0,0,0,1.536,1.783,0.057,0,-25.873,-306.816,0,0,0,1.536,1.912,0.057,0
7.546,-29.999,-310.098,0.035,0,0,1.537,10.937,0.466,0,0.001,0,-33.894,-307.255,0,0,0,1.536,1.785,0.057,0,-25.853,-306.256,0,0,0,1.536,1.912,0.057,0
7.591,-29.982,-309.601,0.035,0,0,1.536,10.937,0.466,0,0.001,0,-33.876,-306.746,0,0,0,1.536,1.788,0.057,0,-25.833,-305.687,0,0,0,1.535,1.908,0.057,0
7.637,-29.965,-309.104,0.035,0,0,1.536,10.937,0.466,0,0.001,0,-33.858,-306.256,0,0,0,1.536,1.787,0.057,0,-25.812,-305.107,0,0,0,1.535,1.91,0.057,0
7.683,-29.948,-308.608,0.035,0,0,1.536,10.937,0.466,0,0.001,0,-33.84,-305.756,0,0,0,1.535,1.785,0.057,0,-25.791,-304.537,0,0,0,1.535,1.911,0.057,0
7.727,-29.93,-308.111,0.035,0,0,1.536,10.937,0.466,0,0.001,0,-33.822,-305.257,0,0,0,1.535,1.785,0.057,0,-25.77,-303.958,0,0,0,1.535,1.911,0.057,0
7.773,-29.913,-307.614,0.035,0,0,1.536,10.937,0.466,0,0.001,0,-33.804,-304.757,0,0,0,1.535,1.784,0.057,0,-25.749,-303.378,0,0,0,1.535,1.912,0.057,0
7.818,-29.895,-307.117,0.035,0,0,1.536,10.937,0.466,0,0.001,0,-33.787,-304.267,0,0,0,1.535,1.785,0.057,0,-25.728,-302.798,0,0,0,1.534,1.91,0.057,0
7.864,-29.878,-306.62,0.035,0,0,1.535,10.937,0.466,0,0.001,0,-33.769,-303.768,0,0,0,1.535,1.788,0.057,0,-25.707,-302.219,0,0,0,1.534,1.909,0.057,0
7.909,-29.86,-306.123,0.035,0,0,1.535,10.937,0.466,0,0.001,0,-33.75,-303.268,0,0,0,1.535,1.787,0.057,0,-25.685,-301.639,0,0,0,1.534,1.91,0.057,0
7.955,-29.842,-305.627,0.035,0,0,1.535,10.937,0.466,0,0.001,0,-33.733,-302.778,0,0,0,1.535,1.788,0.057,0,-25.663,-301.05,0,0,0,1.534,1.911,0.057,0
8.001,-29.824,-305.13,0.035,0,0,1.535,10.938,0.466,0,0.001,0,-33.714,-302.279,0,0,0,1.534,1.785,0.057,0,-25.641,-300.46,0,0,0,1.534,1.911,0.057,0
8.046,-29.807,-304.633,0.035,0,0,1.535,10.938,0.466,0,0.001,0,-33.696,-301.779,0,0,0,1.534,1.784,0.057,0,-25.619,-299.87,0,0,0,1.534,1.913,0.057,0
8.091,-29.789,-304.136,0.035,0,0,1.535,10.938,0.466,0,0.001,0,-33.677,-301.279,0,0,0,1.534,1.783,0.057,0,-25.597,-299.281,0,0,0,1.533,1.912,0.057,0
8.136,-29.771,-303.639,0.035,0,0,1.535,10.938,0.466,0,0.001,0,-33.659,-300.79,0,0,0,1.534,1.783,0.057,0,-25.574,-298.681,0,0,0,1.533,1.913,0.057,0
8.182,-29.752,-303.143,0.035,0,0,1.534,10.938,0.466,0,0.001,0,-33.64,-300.29,0,0,0,1.534,1.788,0.057,0,-25.551,-298.082,0,0,0,1.533,1.91,0.057,0
8.228,-29.734,-302.646,0.035,0,0,1.534,10.938,0.466,0,0.001,0,-33.622,-299.79,0,0,0,1.534,1.788,0.057,0,-25.529,-297.492,0,0,0,1.533,1.911,0.057,0
8.273,-29.716,-302.149,0.035,0,0,1.534,10.938,0.466,0,0.001,0,-33.603,-299.301,0,0,0,1.534,1.787,0.057,0,-25.505,-296.883,0,0,0,1.533,1.913,0.057,0
8.319,-29.698,-301.652,0.035,0,0,1.534,10.938,0.466,0,0.001,0,-33.584,-298.801,0,0,0,1.533,1.784,0.057,0,-25.482,-296.283,0,0,0,1.533,1.914,0.057,0
8.364,-29.679,-301.155,0.035,0,0,1.534,10.938,0.466,0,0.001,0,-33.565,-298.291,0,0,0,1.533,1.784,0.057,0,-25.459,-295.684,0,0,0,1.532,1.912,0.057,0
8.409,-29.661,-300.658,0.035,0,0,1.534,10.938,0.466,0,0.001,0,-33.546,-297.792,0,0,0,1.533,1.784,0.057,0,-25.435,-295.074,0,0,0,1.532,1.914,0.057,0
8.455,-29.642,-300.162,0.035,0,0,1.534,10.938,0.466,0,0.001,0,-33.527,-297.302,0,0,0,1.533,1.783,0.057,0,-25.411,-294.464,0,0,0,1.532,1.915,0.057,0
8.5,-29.623,-299.665,0.035,0,0,1.533,10.938,0.466,0,0.001,0,-33.508,-296.803,0,0,0,1.533,1.788,0.057,0,-25.387,-293.855,0,0,0,1.532,1.912,0.057,0
8.545,-29.605,-299.168,0.035,0,0,1.533,10.938,0.466,0,0.001,0,-33.489,-296.303,0,0,0,1.533,1.787,0.057,0,-25.363,-293.235,0,0,0,1.532,1.913,0.057,0
8.591,-29.586,-298.671,0.035,0,0,1.533,10.938,0.466,0,0.001,0,-33.47,-295.813,0,0,0,1.532,1.785,0.057,0,-25.339,-292.626,0,0,0,1.531,1.912,0.057,0
8.637,-29.567,-298.174,0.035,0,0,1.533,10.938,0.466,0,0.001,0,-33.451,-295.314,0,0,0,1.532,1.785,0.057,0,-25.314,-292.006,0,0,0,1.531,1.913,0.057,0
8.682,-29.548,-297.678,0.035,0,0,1.533,10.939,0.466,0,0.001,0,-33.431,-294.814,0,0,0,1.532,1.784,0.057,0,-25.289,-291.387,0,0,0,1.531,1.916,0.057,0
8.728,-29.529,-297.181,0.035,0,0,1.533,10.939,0.466,0,0.001,0,-33.412,-294.314,0,0,0,1.532,1.784,0.057,0,-25.264,-290.767,0,0,0,1.531,1.925,0.057,0
8.773,-29.51,-296.684,0.035,0,0,1.533,10.939,0.466,0,0.001,0,-33.392,-293.825,0,0,0,1.532,1.783,0.057,0,-25.239,-290.138,0,0,0,1.531,1.944,0.057,0
8.819,-29.491,-296.187,0.035,0,0,1.532,10.939,0.466,0,0.001,0,-33.373,-293.325,0,0,0,1.532,1.788,0.057,0,-25.214,-289.518,0,0,0,1.531,1.965,0.057,0
8.864,-29.472,-295.69,0.035,0,0,1.532,10.939,0.466,0,0.001,0,-33.353,-292.826,0,0,0,1.532,1.787,0.057,0,-25.188,-288.889,0,0,0,1.53,2,0.057,0
8.909,-29.452,-295.193,0.035,0,0,1.532,10.939,0.466,0,0.001,0,-33.333,-292.326,0,0,0,1.531,1.785,0.057,0,-25.162,-288.259,0,0,0,1.53,2.043,0.057,0
8.955,-29.433,-294.697,0.035,0,0,1.532,10.939,0.466,0,0.001,0,-33.314,-291.836,0,0,0,1.531,1.785,0.057,0,-25.136,-287.63,0,0,0,1.53,2.095,0.057,0
9,-29.413,-294.2,0.035,0,0,1.532,10.939,0.466,0,0.001,0,-33.294,-291.337,0,0,0,1.531,1.785,0.057,0,-25.11,-287.001,0,0,0,1.53,2.153,0.057,0
9.045,-29.394,-293.703,0.035,0,0,1.532,10.939,0.466,0,0.001,0,-33.274,-290.837,0,0,0,1.531,1.784,0.057,0,-25.084,-286.371,0,0,0,1.53,2.218,0.057,0
9.091,-29.374,-293.206,0.035,0,0,1.531,10.939,0.466,0,0.001,0,-33.254,-290.348,0,0,0,1.531,1.788,0.057,0,-25.057,-285.732,0,0,0,1.529,2.29,0.057,0
9.137,-29.355,-292.709,0.035,0,0,1.531,10.939,0.466,0,0.001,0,-33.233,-289.838,0,0,0,1.531,1.787,0.057,0,-25.031,-285.102,0,0,0,1.529,2.367,0.057,0
9.183,-29.335,-292.212,0.035,0,0,1.531,10.939,0.466,0,0.001,0,-33.213,-289.338,0,0,0,1.531,1.787,0.057,0,-25.005,-284.473,0,0,0,1.529,2.448,0.057,0
9.227,-29.315,-291.715,0.035,0,0,1.531,10.94,0.466,0,0.001,0,-33.193,-288.839,0,0,0,1.53,1.785,0.057,0,-24.978,-283.843,0,0,0,1.529,2.534,0.057,0
9.273,-29.295,-291.218,0.035,0,0,1.531,10.94,0.466,0,0.001,0,-33.173,-288.349,0,0,0,1.53,1.785,0.057,0,-24.951,-283.214,0,0,0,1.529,2.624,0.057,0
9.318,-29.275,-290.721,0.035,0,0,1.531,10.94,0.466,0,0.001,0,-33.152,-287.85,0,0,0,1.53,1.784,0.057,0,-24.924,-282.584,0,0,0,1.528,2.717,0.057,0
9.364,-29.255,-290.225,0.035,0,0,1.531,10.94,0.466,0,0.001,0,-33.132,-287.35,0,0,0,1.53,1.784,0.057,0,-24.897,-281.955,0,0,0,1.528,2.814,0.057,0
9.409,-29.235,-289.728,0.035,0,0,1.53,10.94,0.466,0,0.001,0,-33.111,-286.85,0,0,0,1.53,1.788,0.057,0,-24.87,-281.326,0,0,0,1.528,2.911,0.057,0
9.455,-29.215,-289.231,0.035,0,0,1.53,10.94,0.466,0,0.001,0,-33.091,-286.361,0,0,0,1.53,1.787,0.057,0,-24.842,-280.686,0,0,0,1.528,3.022,0.057,0
9.501,-29.194,-288.734,0.035,0,0,1.53,10.94,0.466,0,0.001,0,-33.07,-285.861,0,0,0,1.53,1.787,0.057,0,-24.815,-280.057,0,0,0,1.528,3.125,0.057,0
9.545,-29.174,-288.237,0.035,0,0,1.53,10.94,0.466,0,0.001,0,-33.049,-285.362,0,0,0,1.529,1.785,0.057,0,-24.788,-279.427,0,0,0,1.527,3.232,0.057,0
9.592,-29.154,-287.74,0.035,0,0,1.53,10.94,0.466,0,0.001,0,-33.028,-284.872,0,0,0,1.529,1.783,0.057,0,-24.76,-278.798,0,0,0,1.527,3.341,0.057,0
9.636,-29.133,-287.243,0.035,0,0,1.53,10.94,0.466,0,0.001,0,-33.007,-284.373,0,0,0,1.529,1.784,0.057,0,-24.732,-278.169,0,0,0,1.527,3.451,0.057,0
9.682,-29.113,-286.746,0.035,0,0,1.53,10.94,0.466,0,0.001,0,-32.986,-283.873,0,0,0,1.529,1.783,0.057,0,-24.705,-277.539,0,0,0,1.527,3.563,0.057,0
9.727,-29.092,-286.25,0.035,0,0,1.529,10.94,0.466,0,0.001,0,-32.965,-283.374,0,0,0,1.529,1.787,0.057,0,-24.677,-276.91,0,0,0,1.527,3.675,0.057,0
9.773,-29.071,-285.753,0.035,0,0,1.529,10.94,0.466,0,0.001,0,-32.944,-282.884,0,0,0,1.529,1.787,0.057,0,-24.648,-276.27,0,0,0,1.527,3.799,0.057,0
9.818,-29.05,-285.256,0.035,0,0,1.529,10.94,0.466,0,0.001,0,-32.923,-282.384,0,0,0,1.528,1.785,0.057,0,-24.62,-275.641,0,0,0,1.526,3.914,0.057,0
9.864,-29.03,-284.759,0.035,0,0,1.529,10.941,0.466,0,0.001,0,-32.902,-281.885,0,0,0,1.528,1.784,0.057,0,-24.592,-275.012,0,0,0,1.526,4.031,0.057,0
9.91,-29.009,-284.262,0.035,0,0,1.529,10.941,0.466,0,0.001,0,-32.88,-281.375,0,0,0,1.528,1.784,0.057,0,-24.563,-274.382,0,0,0,1.526,4.15,0.057,0
9.955,-28.988,-283.765,0.035,0,0,1.529,10.941,0.466,0,0.001,0,-32.859,-280.886,0,0,0,1.528,1.784,0.057,0,-24.535,-273.753,0,0,0,1.526,4.268,0.057,0
10,-28.966,-283.268,0.035,0,0,1.528,10.941,0.466,0,0.001,0,-32.837,-280.386,0,0,0,1.528,1.788,0.057,0,-24.506,-273.124,0,0,0,1.526,4.386,0.057,0
10.046,-28.945,-282.771,0.035,0,0,1.528,10.941,0.466,0,0.001,0,-32.815,-279.887,0,0,0,1.528,1.787,0.057,0,-24.477,-272.494,0,0,0,1.525,4.508,0.057,0
10.091,-28.924,-282.275,0.035,0,0,1.528,10.941,0.466,0,0.001,0,-32.794,-279.397,0,0,0,1.528,1.787,0.057,0,-24.448,-271.865,0,0,0,1.525,4.63,0.057,0
10.137,-28.903,-281.778,0.035,0,0,1.528,10.941,0.466,0,0.001,0,-32.772,-278.898,0,0,0,1.527,1.784,0.057,0,-24.419,-271.226,0,0,0,1.525,4.76,0.057,0
10.183,-28.881,-281.281,0.035,0,0,1.528,10.941,0.466,0,0.001,0,-32.75,-278.398,0,0,0,1.527,1.785,0.057,0,-24.39,-270.596,0,0,0,1.525,4.883,0.057,0
10.227,-28.86,-280.784,0.035,0,0,1.528,10.941,0.466,0,0.001,0,-32.728,-277.899,0,0,0,1.527,1.784,0.057,0,-24.36,-269.967,0,0,0,1.525,5.006,0.057,0
10.273,-28.838,-280.287,0.035,0,0,1.528,10.941,0.466,0,0.001,0,-32.707,-277.409,0,0,0,1.527,1.784,0.057,0,-24.331,-269.338,0,0,0,1.524,5.129,0.057,0
10.319,-28.817,-279.79,0.035,0,0,1.527,10.941,0.466,0,0.001,0,-32.684,-276.91,0,0,0,1.527,1.787,0.057,0,-24.302,-268.708,0,0,0,1.524,5.253,0.057,0
10.364,-28.795,-279.293,0.035,0,0,1.527,10.941,0.466,0,0.001,0,-32.662,-276.41,0,0,0,1.527,1.787,0.057,0,-24.272,-268.079,0,0,0,1.524,5.377,0.057,0
10.41,-28.773,-278.796,0.035,0,0,1.527,10.941,0.466,0,0.001,0,-32.64,-275.911,0,0,0,1.527,1.787,0.057,0,-24.242,-267.45,0,0,0,1.524,5.501,0.057,0
10.455,-28.751,-278.3,0.035,0,0,1.527,10.942,0.466,0,0.001,0,-32.618,-275.421,0,0,0,1.526,1.785,0.057,0,-24.212,-266.821,0,0,0,1.524,5.627,0.057,0
10.5,-28.73,-277.803,0.035,0,0,1.527,10.942,0.466,0,0.001,0,-32.596,-274.922,0,0,0,1.526,1.784,0.057,0,-24.182,-266.181,0,0,0,1.524,5.763,0.057,0
10.546,-28.708,-277.306,0.035,0,0,1.527,10.942,0.466,0,0.001,0,-32.573,-274.422,0,0,0,1.526,1.783,0.057,0,-24.152,-265.552,0,0,0,1.523,5.889,0.057,0
10.591,-28.685,-276.809,0.035,0,0,1.527,10.942,0.466,0,0.001,0,-32.55,-273.923,0,0,0,1.526,1.783,0.057,0,-24.122,-264.923,0,0,0,1.523,6.014,0.057,0
10.636,-28.663,-276.312,0.035,0,0,1.526,10.942,0.466,0,0.001,0,-32.528,-273.423,0,0,0,1.526,1.788,0.057,0,-24.091,-264.293,0,0,0,1.523,6.141,0.057,0
10.682,-28.641,-275.815,0.035,0,0,1.526,10.942,0.466,0,0.001,0,-32.505,-272.924,0,0,0,1.526,1.787,0.057,0,-24.061,-263.664,0,0,0,1.523,6.267,0.057,0
10.728,-28.619,-275.318,0.035,0,0,1.526,10.942,0.466,0,0.001,0,-32.482,-272.424,0,0,0,1.525,1.784,0.057,0,-24.03,-263.035,0,0,0,1.523,6.394,0.057,0
10.774,-28.596,-274.821,0.035,0,0,1.526,10.942,0.466,0,0.001,0,-32.459,-271.925,0,0,0,1.525,1.785,0.057,0,-24,-262.406,0,0,0,1.522,6.521,0.057,0
10.818,-28.574,-274.324,0.035,0,0,1.526,10.942,0.466,0,0.001,0,-32.437,-271.435,0,0,0,1.525,1.784,0.057,0,-23.968,-261.766,0,0,0,1.522,6.659,0.057,0
10.864,-28.552,-273.828,0.035,0,0,1.526,10.942,0.466,0,0.001,0,-32.414,-270.936,0,0,0,1.525,1.783,0.057,0,-23.938,-261.147,0,0,0,1.522,6.778,0.057,0
10.909,-28.529,-273.331,0.035,0,0,1.526,10.942,0.466,0,0.001,0,-32.391,-270.436,0,0,0,1.525,1.784,0.057,0,-23.927,-260.517,0,0,0,1.534,6.896,-2.693,0
10.955,-28.506,-272.834,0.035,0,0,1.525,10.942,0.466,0,0.001,0,-32.368,-269.947,0,0,0,1.525,1.788,0.057,0,-23.922,-259.887,0,0,0,1.545,7.012,-2.693,0
11,-28.484,-272.337,0.035,0,0,1.525,10.942,0.466,0,0.001,0,-32.345,-269.447,0,0,0,1.525,1.787,0.057,0,-23.923,-259.267,0,0,0,1.555,7.118,-2.521,0
11.046,-28.461,-271.84,0.035,0,0,1.525,10.943,0.466,0,0.001,0,-32.321,-268.948,0,0,0,1.524,1.784,0.057,0,-23.93,-258.647,0,0,0,1.565,7.223,-2.521,0
11.092,-28.438,-271.343,0.035,0,0,1.525,10.943,0.466,0,0.001,0,-32.298,-268.448,0,0,0,1.524,1.784,0.057,0,-23.942,-258.027,0,0,0,1.575,7.326,-2.292,0
11.137,-28.415,-270.846,0.035,0,0,1.525,10.943,0.466,0,0.001,0,-32.275,-267.959,0,0,0,1.524,1.784,0.057,0,-23.96,-257.407,0,0,0,1.584,7.429,-2.12,0
11.182,-28.392,-270.349,0.035,0,0,1.525,10.943,0.466,0,0.001,0,-32.251,-267.46,0,0,0,1.524,1.783,0.057,0,-23.981,-256.797,0,0,0,1.592,7.522,-2.12,0
11.228,-28.369,-269.853,0.035,0,0,1.524,10.943,0.466,0,0.001,0,-32.228,-266.96,0,0,0,1.524,1.788,0.057,0,-24.008,-256.188,0,0,0,1.6,7.614,-1.891,0
11.273,-28.346,-269.356,0.035,0,0,1.524,10.943,0.466,0,0.001,0,-32.204,-266.461,0,0,0,1.524,1.787,0.057,0,-24.038,-255.578,0,0,0,1.608,7.705,-1.891,0
11.319,-28.322,-268.859,0.035,0,0,1.524,10.943,0.466,0,0.001,0,-32.181,-265.971,0,0,0,1.524,1.787,0.057,0,-24.072,-254.969,0,0,0,1.615,7.796,-1.719,0
11.364,-28.299,-268.362,0.035,0,0,1.524,10.943,0.466,0,0.001,0,-32.157,-265.472,0,0,0,1.523,1.785,0.057,0,-24.11,-254.36,0,0,0,1.622,7.886,-1.719,0
11.409,-28.276,-267.865,0.035,0,0,1.524,10.943,0.466,0,0.001,0,-32.133,-264.962,0,0,0,1.523,1.784,0.057,0,-24.151,-253.761,0,0,0,1.628,7.968,-1.547,0
11.455,-28.252,-267.368,0.035,0,0,1.524,10.943,0.466,0,0.001,0,-32.109,-264.463,0,0,0,1.523,1.784,0.057,0,-24.195,-253.153,0,0,0,1.634,8.057,-1.375,0
11.5,-28.229,-266.871,0.035,0,0,1.524,10.943,0.466,0,0.001,0,-32.085,-263.973,0,0,0,1.523,1.783,0.057,0,-24.242,-252.555,0,0,0,1.639,8.138,-1.375,0
11.546,-28.205,-266.374,0.035,0,0,1.523,10.943,0.466,0,0.001,0,-32.061,-263.474,0,0,0,1.523,1.788,0.057,0,-24.291,-251.957,0,0,0,1.644,8.22,-1.203,0
11.591,-28.181,-265.878,0.035,0,0,1.523,10.943,0.466,0,0.001,0,-32.037,-262.975,0,0,0,1.523,1.788,0.057,0,-24.342,-251.369,0,0,0,1.649,8.292,-1.203,0
11.637,-28.158,-265.381,0.035,0,0,1.523,10.943,0.466,0,0.001,0,-32.012,-262.475,0,0,0,1.523,1.786,0.057,0,-24.396,-250.771,0,0,0,1.653,8.375,-1.089,0
11.682,-28.134,-264.884,0.035,0,0,1.523,10.944,0.466,0,0.001,0,-31.988,-261.986,0,0,0,1.522,1.784,0.057,0,-24.451,-250.184,0,0,0,1.657,8.447,-1.089,0
11.728,-28.11,-264.387,0.035,0,0,1.523,10.944,0.466,0,0.001,0,-31.964,-261.486,0,0,0,1.522,1.784,0.057,0,-24.507,-249.597,0,0,0,1.661,8.519,-0.917,1
11.773,-28.086,-263.89,0.035,0,0,1.523,10.944,0.466,0,0.001,0,-31.94,-260.987,0,0,0,1.522,1.784,0.057,0,-24.566,-249.01,0,0,0,1.664,8.593,-0.802,1
11.819,-28.062,-263.393,0.035,0,0,1.523,10.944,0.466,0,0.001,0,-31.915,-260.488,0,0,0,1.522,1.783,0.057,0,-24.625,-248.433,0,0,0,1.667,8.658,-0.802,1
11.864,-28.038,-262.896,0.035,0,0,1.522,10.944,0.466,0,0.001,0,-31.891,-259.998,0,0,0,1.522,1.787,0.057,0,-24.687,-247.846,0,0,0,1.67,8.734,-0.688,1
11.909,-28.013,-262.399,0.035,0,0,1.522,10.944,0.466,0,0.001,0,-31.866,-259.499,0,0,0,1.522,1.787,0.057,0,-24.748,-247.269,0,0,0,1.673,8.8,-0.688,1
11.956,-27.989,-261.903,0.035,0,0,1.522,10.944,0.466,0,0.001,0,-31.841,-258.999,0,0,0,1.521,1.785,0.057,0,-24.811,-246.692,0,0,0,1.675,8.869,-0.401,1
12.001,-27.965,-261.406,0.035,0,0,1.522,10.944,0.466,0,0.001,0,-31.816,-258.5,0,0,0,1.521,1.784,0.057,0,-24.872,-246.126,0,0,0,1.676,8.927,-0.401,1
12.046,-27.94,-260.909,0.035,0,0,1.522,10.944,0.466,0,0.001,0,-31.792,-258.011,0,0,0,1.521,1.784,0.057,0,-24.934,-245.549,0,0,0,1.677,8.997,-0.115,1
12.092,-27.916,-260.412,0.035,0,0,1.522,10.944,0.466,0,0.001,0,-31.767,-257.511,0,0,0,1.521,1.784,0.057,0,-24.995,-244.982,0,0,0,1.677,9.058,-0.115,1
12.136,-27.891,-259.915,0.035,0,0,1.521,10.944,0.466,0,0.001,0,-31.742,-257.012,0,0,0,1.521,1.788,0.057,0,-25.054,-244.415,0,0,0,1.677,9.122,0.115,1
12.182,-27.867,-259.418,0.035,0,0,1.521,10.944,0.466,0,0.001,0,-31.716,-256.503,0,0,0,1.521,1.787,0.057,0,-25.114,-243.848,0,0,0,1.676,9.186,0.344,1
12.227,-27.842,-258.921,0.035,0,0,1.521,10.944,0.466,0,0.001,0,-31.691,-256.013,0,0,0,1.521,1.786,0.057,0,-25.172,-243.281,0,0,0,1.675,9.251,0.344,1
12.273,-27.817,-258.424,0.035,0,0,1.521,10.945,0.466,0,0.001,0,-31.666,-255.514,0,0,0,1.52,1.785,0.057,0,-25.228,-242.714,0,0,0,1.673,9.318,0.516,0
12.318,-27.792,-257.928,0.035,0,0,1.521,10.945,0.466,0,0.001,0,-31.641,-255.015,0,0,0,1.52,1.785,0.057,0,-25.283,-242.157,0,0,0,1.671,9.376,0.516,0
12.364,-27.767,-257.431,0.035,0,0,1.521,10.945,0.466,0,0.001,0,-31.615,-254.515,0,0,0,1.52,1.784,0.057,0,-25.335,-241.599,0,0,0,1.669,9.435,0.688,0
12.41,-27.742,-256.934,0.035,0,0,1.521,10.945,0.466,0,0.001,0,-31.59,-254.026,0,0,0,1.52,1.784,0.057,0,-25.386,-241.042,0,0,0,1.667,9.492,0.688,0
12.455,-27.717,-256.437,0.035,0,0,1.52,10.945,0.466,0,0.001,0,-31.564,-253.526,0,0,0,1.52,1.787,0.057,0,-25.436,-240.484,0,0,0,1.664,9.552,0.802,0
12.5,-27.692,-255.94,0.035,0,0,1.52,10.945,0.466,0,0.001,0,-31.539,-253.027,0,0,0,1.52,1.787,0.057,0,-25.482,-239.936,0,0,0,1.661,9.601,0.802,0
12.546,-27.667,-255.443,0.035,0,0,1.52,10.945,0.466,0,0.001,0,-31.513,-252.528,0,0,0,1.52,1.787,0.057,0,-25.527,-239.388,0,0,0,1.658,9.651,0.917,1
12.591,-27.641,-254.946,0.035,0,0,1.52,10.945,0.466,0,0.001,0,-31.488,-252.038,0,0,0,1.519,1.785,0.057,0,-25.57,-238.829,0,0,0,1.655,9.711,0.917,1
12.637,-27.616,-254.449,0.035,0,0,1.52,10.945,0.466,0,0.001,0,-31.462,-251.539,0,0,0,1.519,1.785,0.057,0,-25.61,-238.291,0,0,0,1.651,9.751,0.974,1
12.682,-27.59,-253.952,0.035,0,0,1.52,10.945,0.466,0,0.001,0,-31.436,-251.04,0,0,0,1.519,1.785,0.057,0,-25.649,-237.742,0,0,0,1.648,9.802,0.974,1
12.728,-27.565,-253.456,0.035,0,0,1.52,10.945,0.466,0,0.001,0,-31.41,-250.54,0,0,0,1.519,1.784,0.057,0,-25.684,-237.203,0,0,0,1.644,9.845,1.089,1
12.773,-27.539,-252.959,0.035,0,0,1.519,10.945,0.466,0,0.001,0,-31.384,-250.051,0,0,0,1.519,1.788,0.057,0,-25.718,-236.654,0,0,0,1.64,9.897,1.089,1
12.819,-27.514,-252.462,0.035,0,0,1.519,10.945,0.466,0,0.001,0,-31.358,-249.552,0,0,0,1.519,1.787,0.057,0,-25.75,-236.115,0,0,0,1.636,9.938,1.089,0
12.864,-27.488,-251.965,0.035,0,0,1.519,10.945,0.466,0,0.001,0,-31.331,-249.053,0,0,0,1.519,1.786,0.057,0,-25.779,-235.576,0,0,0,1.633,9.98,1.146,0
12.909,-27.462,-251.468,0.035,0,0,1.519,10.946,0.466,0,0.001,0,-31.305,-248.553,0,0,0,1.518,1.784,0.057,0,-25.805,-235.047,0,0,0,1.629,10.012,1.146,0
12.955,-27.436,-250.971,0.035,0,0,1.519,10.946,0.466,0,0.001,0,-31.279,-248.054,0,0,0,1.518,1.785,0.057,0,-25.83,-234.507,0,0,0,1.625,10.055,1.146,0
13,-27.41,-250.474,0.035,0,0,1.519,10.946,0.466,0,0.001,0,-31.252,-247.555,0,0,0,1.518,1.784,0.057,0,-25.852,-233.977,0,0,0,1.621,10.088,1.146,0
13.046,-27.384,-249.977,0.035,0,0,1.518,10.946,0.466,0,0.001,0,-31.225,-247.055,0,0,0,1.518,1.787,0.057,0,-25.872,-233.448,0,0,0,1.617,10.121,1.146,0
13.091,-27.358,-249.481,0.035,0,0,1.518,10.946,0.466,0,0.001,0,-31.199,-246.556,0,0,0,1.518,1.788,0.057,0,-25.89,-232.918,0,0,0,1.613,10.155,1.146,1
13.137,-27.332,-248.984,0.035,0,0,1.518,10.946,0.466,0,0.001,0,-31.173,-246.067,0,0,0,1.518,1.787,0.057,0,-25.905,-232.398,0,0,0,1.609,10.179,1.146,1
13.183,-27.305,-248.487,0.035,0,0,1.518,10.946,0.466,0,0.001,0,-31.146,-245.567,0,0,0,1.517,1.785,0.057,0,-25.919,-231.868,0,0,0,1.605,10.213,1.146,1
13.227,-27.279,-247.99,0.035,0,0,1.518,10.946,0.466,0,0.001,0,-31.119,-245.068,0,0,0,1.517,1.785,0.057,0,-25.931,-231.349,0,0,0,1.601,10.236,1.146,1
13.273,-27.252,-247.493,0.035,0,0,1.518,10.946,0.466,0,0.001,0,-31.092,-244.569,0,0,0,1.517,1.785,0.057,0,-25.94,-230.829,0,0,0,1.597,10.26,1.146,1
13.318,-27.226,-246.997,0.035,0,0,1.518,10.946,0.466,0,0.001,0,-31.065,-244.08,0,0,0,1.517,1.783,0.057,0,-25.948,-230.309,0,0,0,1.593,10.285,1.146,1
13.365,-27.199,-246.5,0.035,0,0,1.517,10.946,0.466,0,0.001,0,-31.038,-243.58,0,0,0,1.517,1.788,0.057,0,-25.953,-229.799,0,0,0,1.59,10.299,1.146,1
13.409,-27.173,-246.003,0.035,0,0,1.517,10.946,0.466,0,0.001,0,-31.011,-243.081,0,0,0,1.517,1.787,0.057,0,-25.957,-229.279,0,0,0,1.586,10.323,1.089,1
13.455,-27.146,-245.506,0.035,0,0,1.517,10.946,0.466,0,0.001,0,-30.984,-242.582,0,0,0,1.517,1.787,0.057,0,-25.959,-228.769,0,0,0,1.582,10.338,1.089,1
13.5,-27.119,-245.009,0.035,0,0,1.517,10.946,0.466,0,0.001,0,-30.957,-242.093,0,0,0,1.516,1.785,0.057,0,-25.959,-228.259,0,0,0,1.579,10.352,1.031,1
13.546,-27.092,-244.512,0.035,0,0,1.517,10.947,0.466,0,0.001,0,-30.93,-241.593,0,0,0,1.516,1.785,0.057,0,-25.958,-227.759,0,0,0,1.575,10.357,1.031,1
13.592,-27.065,-244.016,0.035,0,0,1.517,10.947,0.466,0,0.001,0,-30.902,-241.094,0,0,0,1.516,1.784,0.057,0,-25.955,-227.249,0,0,0,1.572,10.372,1.031,1
13.637,-27.038,-243.519,0.035,0,0,1.517,10.947,0.466,0,0.001,0,-30.875,-240.595,0,0,0,1.516,1.784,0.057,0,-25.95,-226.749,0,0,0,1.569,10.376,1.031,0
13.683,-27.011,-243.022,0.035,0,0,1.516,10.947,0.466,0,0.001,0,-30.847,-240.106,0,0,0,1.516,1.787,0.057,0,-25.944,-226.239,0,0,0,1.566,10.39,0.974,0
13.728,-26.984,-242.525,0.035,0,0,1.516,10.947,0.466,0,0.001,0,-30.819,-239.596,0,0,0,1.516,1.787,0.057,0,-25.936,-225.739,0,0,0,1.562,10.395,0.974,0
13.773,-26.957,-242.028,0.035,0,0,1.516,10.947,0.466,0,0.001,0,-30.791,-239.097,0,0,0,1.516,1.786,0.057,0,-25.927,-225.229,0,0,0,1.559,10.409,0.917,0
13.819,-26.929,-241.531,0.035,0,0,1.516,10.947,0.466,0,0.001,0,-30.764,-238.598,0,0,0,1.515,1.786,0.057,0,-25.917,-224.729,0,0,0,1.556,10.414,0.917,0
13.864,-26.902,-241.035,0.035,0,0,1.516,10.947,0.466,0,0.001,0,-30.736,-238.109,0,0,0,1.515,1.784,0.057,0,-25.905,-224.219,0,0,0,1.554,10.429,0.859,0
13.909,-26.874,-240.538,0.035,0,0,1.516,10.947,0.466,0,0.001,0,-30.708,-237.609,0,0,0,1.515,1.784,0.057,0,-25.892,-223.719,0,0,0,1.551,10.434,0.859,0
13.955,-26.847,-240.041,0.035,0,0,1.516,10.947,0.466,0,0.001,0,-30.68,-237.11,0,0,0,1.515,1.784,0.057,0,-25.877,-223.209,0,0,0,1.548,10.449,0.802,0
14.001,-26.819,-239.544,0.035,0,0,1.515,10.947,0.466,0,0.001,0,-30.652,-236.611,0,0,0,1.515,1.788,0.057,0,-25.862,-222.71,0,0,0,1.545,10.452,0.802,0
14.045,-26.792,-239.047,0.035,0,0,1.515,10.947,0.466,0,0.001,0,-30.624,-236.122,0,0,0,1.515,1.787,0.057,0,-25.845,-222.2,0,0,0,1.543,10.466,0.745,0
14.091,-26.764,-238.551,0.035,0,0,1.515,10.947,0.466,0,0.001,0,-30.596,-235.623,0,0,0,1.514,1.785,0.057,0,-25.827,-221.7,0,0,0,1.54,10.472,0.745,0
14.137,-26.736,-238.054,0.035,0,0,1.515,10.948,0.466,0,0.001,0,-30.568,-235.123,0,0,0,1.514,1.785,0.057,0,-25.807,-221.19,0,0,0,1.538,10.486,0.688,0
14.182,-26.708,-237.557,0.035,0,0,1.515,10.948,0.466,0,0.001,0,-30.539,-234.624,0,0,0,1.514,1.784,0.057,0,-25.787,-220.691,0,0,0,1.536,10.49,0.688,0
14.228,-26.68,-237.06,0.035,0,0,1.515,10.948,0.466,0,0.001,0,-30.511,-234.135,0,0,0,1.514,1.784,0.057,0,-25.766,-220.181,0,0,0,1.534,10.504,0.63,0
14.273,-26.652,-236.563,0.035,0,0,1.514,10.948,0.466,0,0.001,0,-30.483,-233.636,0,0,0,1.514,1.788,0.057,0,-25.744,-219.682,0,0,0,1.531,10.507,0.63,0
14.319,-26.624,-236.066,0.035,0,0,1.514,10.948,0.466,0,0.001,0,-30.454,-233.137,0,0,0,1.514,1.788,0.057,0,-25.721,-219.172,0,0,0,1.529,10.522,0.63,0
14.363,-26.596,-235.57,0.035,0,0,1.514,10.948,0.466,0,0.001,0,-30.425,-232.638,0,0,0,1.514,1.787,0.057,0,-25.697,-218.673,0,0,0,1.527,10.526,0.63,0
14.409,-26.567,-235.073,0.035,0,0,1.514,10.948,0.466,0,0.001,0,-30.396,-232.138,0,0,0,1.513,1.785,0.057,0,-25.672,-218.163,0,0,0,1.526,10.54,0.573,0
14.455,-26.539,-234.576,0.035,0,0,1.514,10.948,0.466,0,0.001,0,-30.367,-231.639,0,0,0,1.513,1.784,0.057,0,-25.646,-217.664,0,0,0,1.524,10.544,0.573,0
14.501,-26.51,-234.079,0.035,0,0,1.514,10.948,0.466,0,0.001,0,-30.338,-231.14,0,0,0,1.513,1.784,0.057,0,-25.619,-217.155,0,0,0,1.522,10.557,0.516,0
14.546,-26.482,-233.582,0.035,0,0,1.514,10.948,0.466,0,0.001,0,-30.309,-230.641,0,0,0,1.513,1.784,0.057,0,-25.592,-216.656,0,0,0,1.52,10.561,0.516,0
14.591,-26.453,-233.086,0.035,0,0,1.513,10.948,0.466,0,0.001,0,-30.28,-230.142,0,0,0,1.513,1.788,0.057,0,-25.564,-216.146,0,0,0,1.519,10.575,0.458,0
14.637,-26.425,-232.589,0.035,0,0,1.513,10.948,0.466,0,0.001,0,-30.252,-229.653,0,0,0,1.513,1.788,0.057,0,-25.536,-215.647,0,0,0,1.517,10.579,0.458,0
14.682,-26.396,-232.092,0.035,0,0,1.513,10.948,0.466,0,0.001,0,-30.222,-229.153,0,0,0,1.513,1.787,0.057,0,-25.506,-215.138,0,0,0,1.516,10.592,0.401,0
14.759,-26.367,-231.595,0.035,0,0,1.513,10.948,0.466,0,0.001,0,-30.193,-228.654,0,0,0,1.512,1.785,0.057,0,-25.477,-214.639,0,0,0,1.515,10.595,0.401,0
14.774,-26.338,-231.098,0.035,0,0,1.513,10.949,0.466,0,0.001,0,-30.164,-228.155,0,0,0,1.512,1.785,0.057,0,-25.446,-214.13,0,0,0,1.513,10.609,0.401,0
14.819,-26.309,-230.601,0.035,0,0,1.513,10.949,0.466,0,0.001,0,-30.135,-227.666,0,0,0,1.512,1.785,0.057,0,-25.415,-213.631,0,0,0,1.512,10.61,0.401,0
14.864,-26.28,-230.105,0.035,0,0,1.513,10.949,0.466,0,0.001,0,-30.105,-227.167,0,0,0,1.512,1.784,0.057,0,-25.383,-213.122,0,0,0,1.511,10.622,0.344,0
14.91,-26.251,-229.608,0.035,0,0,1.512,10.949,0.466,0,0.001,0,-30.075,-226.668,0,0,0,1.512,1.788,0.057,0,-25.352,-212.623,0,0,0,1.51,10.624,0.344,0
14.955,-26.222,-229.111,0.035,0,0,1.512,10.949,0.466,0,0.001,0,-30.046,-226.169,0,0,0,1.512,1.788,0.057,0,-25.319,-212.114,0,0,0,1.509,10.635,0.286,0
15,-26.193,-228.614,0.035,0,0,1.512,10.949,0.466,0,0.001,0,-30.017,-225.68,0,0,0,1.512,1.787,0.057,0,-25.286,-211.605,0,0,0,1.508,10.647,0.286,0
15.046,-26.163,-228.117,0.035,0,0,1.512,10.949,0.466,0,0.001,0,-29.987,-225.18,0,0,0,1.511,1.786,0.057,0,-25.253,-211.106,0,0,0,1.507,10.648,0.286,0
15.091,-26.134,-227.62,0.035,0,0,1.512,10.949,0.466,0,0.001,0,-29.957,-224.681,0,0,0,1.511,1.785,0.057,0,-25.219,-210.597,0,0,0,1.506,10.659,0.229,0
15.137,-26.105,-227.124,0.035,0,0,1.512,10.949,0.466,0,0.001,0,-29.927,-224.182,0,0,0,1.511,1.784,0.057,0,-25.185,-210.098,0,0,0,1.505,10.662,0.229,0
15.183,-26.075,-226.627,0.035,0,0,1.512,10.949,0.466,0,0.001,0,-29.897,-223.683,0,0,0,1.511,1.784,0.057,0,-25.15,-209.589,0,0,0,1.504,10.673,0.229,0
15.227,-26.045,-226.13,0.035,0,0,1.511,10.949,0.466,0,0.001,0,-29.866,-223.184,0,0,0,1.511,1.788,0.057,0,-25.116,-209.091,0,0,0,1.504,10.675,0.229,0
15.273,-26.016,-225.633,0.035,0,0,1.511,10.949,0.466,0,0.001,0,-29.836,-222.685,0,0,0,1.511,1.787,0.057,0,-25.081,-208.582,0,0,0,1.503,10.687,0.172,0
15.319,-25.986,-225.136,0.035,0,0,1.511,10.949,0.466,0,0.001,0,-29.806,-222.186,0,0,0,1.51,1.785,0.057,0,-25.046,-208.083,0,0,0,1.502,10.688,0.172,0
15.364,-25.956,-224.64,0.035,0,0,1.511,10.949,0.466,0,0.001,0,-29.775,-221.687,0,0,0,1.51,1.784,0.057,0,-25.01,-207.574,0,0,0,1.502,10.701,0.172,0
15.41,-25.926,-224.143,0.035,0,0,1.511,10.95,0.466,0,0.001,0,-29.746,-221.198,0,0,0,1.51,1.785,0.057,0,-24.975,-207.075,0,0,0,1.501,10.703,0.172,0
15.455,-25.896,-223.646,0.035,0,0,1.511,10.95,0.466,0,0.001,0,-29.715,-220.699,0,0,0,1.51,1.784,0.057,0,-24.939,-206.567,0,0,0,1.501,10.714,0.115,0
15.5,-25.866,-223.149,0.035,0,0,1.51,10.95,0.466,0,0.001,0,-29.684,-220.2,0,0,0,1.51,1.788,0.057,0,-24.903,-206.068,0,0,0,1.5,10.716,0.115,0
15.545,-25.836,-222.652,0.035,0,0,1.51,10.95,0.466,0,0.001,0,-29.654,-219.701,0,0,0,1.51,1.788,0.057,0,-24.866,-205.559,0,0,0,1.5,10.729,0.115,0
15.591,-25.806,-222.155,0.035,0,0,1.51,10.95,0.466,0,0.001,0,-29.623,-219.201,0,0,0,1.51,1.787,0.057,0,-24.83,-205.061,0,0,0,1.499,10.729,0.115,0
15.637,-25.775,-221.659,0.035,0,0,1.51,10.95,0.466,0,0.001,0,-29.593,-218.712,0,0,0,1.509,1.786,0.057,0,-24.793,-204.552,0,0,0,1.499,10.742,0.115,0
15.682,-25.745,-221.162,0.035,0,0,1.51,10.95,0.466,0,0.001,0,-29.562,-218.213,0,0,0,1.509,1.785,0.057,0,-24.757,-204.053,0,0,0,1.499,10.745,0.115,0
15.728,-25.715,-220.665,0.035,0,0,1.51,10.95,0.466,0,0.001,0,-29.531,-217.714,0,0,0,1.509,1.784,0.057,0,-24.72,-203.545,0,0,0,1.498,10.755,0.057,0
15.773,-25.684,-220.168,0.035,0,0,1.51,10.95,0.466,0,0.001,0,-29.5,-217.215,0,0,0,1.509,1.784,0.057,0,-24.683,-203.046,0,0,0,1.498,10.758,0.057,0
15.819,-25.654,-219.671,0.035,0,0,1.509,10.95,0.466,0,0.001,0,-29.469,-216.726,0,0,0,1.509,1.787,0.057,0,-24.646,-202.537,0,0,0,1.498,10.771,0.057,0
15.864,-25.623,-219.175,0.035,0,0,1.509,10.95,0.466,0,0.001,0,-29.438,-216.227,0,0,0,1.509,1.787,0.057,0,-24.609,-202.039,0,0,0,1.498,10.773,0.057,0
15.91,-25.592,-218.678,0.035,0,0,1.509,10.95,0.466,0,0.001,0,-29.407,-215.728,0,0,0,1.509,1.787,0.057,0,-24.571,-201.53,0,0,0,1.497,10.785,0.057,0
15.954,-25.561,-218.181,0.035,0,0,1.509,10.95,0.466,0,0.001,0,-29.376,-215.229,0,0,0,1.508,1.786,0.057,0,-24.534,-201.032,0,0,0,1.497,10.786,0.057,0
16.001,-25.531,-217.684,0.035,0,0,1.509,10.95,0.466,0,0.001,0,-29.344,-214.73,0,0,0,1.508,1.784,0.057,0,-24.496,-200.523,0,0,0,1.497,10.799,0.057,0
16.046,-25.5,-217.188,0.035,0,0,1.509,10.951,0.466,0,0.001,0,-29.313,-214.231,0,0,0,1.508,1.784,0.057,0,-24.459,-200.024,0,0,0,1.497,10.802,0.057,0
16.092,-25.469,-216.691,0.035,0,0,1.509,10.951,0.466,0,0.001,0,-29.281,-213.732,0,0,0,1.508,1.783,0.057,0,-24.422,-199.516,0,0,0,1.497,10.813,0.057,0
16.137,-25.437,-216.194,0.035,0,0,1.508,10.951,0.466,0,0.001,0,-29.249,-213.233,0,0,0,1.508,1.788,0.057,0,-24.384,-199.017,0,0,0,1.497,10.817,0.057,0
16.182,-25.406,-215.697,0.035,0,0,1.508,10.951,0.466,0,0.001,0,-29.218,-212.734,0,0,0,1.508,1.788,0.057,0,-24.347,-198.508,0,0,0,1.497,10.829,0,0
16.228,-25.375,-215.2,0.035,0,0,1.508,10.951,0.466,0,0.001,0,-29.186,-212.245,0,0,0,1.507,1.785,0.057,0,-24.309,-198.01,0,0,0,1.497,10.83,0,0
16.273,-25.344,-214.704,0.035,0,0,1.508,10.951,0.466,0,0.001,0,-29.155,-211.746,0,0,0,1.507,1.785,0.057,0,-24.271,-197.501,0,0,0,1.496,10.843,0,0
16.318,-25.312,-214.207,0.035,0,0,1.508,10.951,0.466,0,0.001,0,-29.123,-211.247,0,0,0,1.507,1.785,0.057,0,-24.234,-197.003,0,0,0,1.496,10.844,0,0
16.364,-25.281,-213.71,0.035,0,0,1.508,10.951,0.466,0,0.001,0,-29.091,-210.748,0,0,0,1.507,1.784,0.057,0,-24.196,-196.494,0,0,0,1.496,10.857,0,0
16.409,-25.249,-213.213,0.035,0,0,1.508,10.951,0.466,0,0.001,0,-29.059,-210.259,0,0,0,1.507,1.784,0.057,0,-24.159,-195.995,0,0,0,1.496,10.859,0,0
16.455,-25.218,-212.717,0.035,0,0,1.507,10.951,0.466,0,0.001,0,-29.027,-209.76,0,0,0,1.507,1.787,0.057,0,-24.121,-195.487,0,0,0,1.496,10.872,0,0
16.501,-25.186,-212.22,0.035,0,0,1.507,10.951,0.466,0,0.001,0,-28.995,-209.261,0,0,0,1.507,1.787,0.057,0,-24.083,-194.988,0,0,0,1.496,10.875,0,0
16.545,-25.154,-211.723,0.035,0,0,1.507,10.951,0.466,0,0.001,0,-28.962,-208.762,0,0,0,1.506,1.785,0.057,0,-24.045,-194.48,0,0,0,1.496,10.886,0,0
16.591,-25.122,-211.226,0.035,0,0,1.507,10.951,0.466,0,0.001,0,-28.93,-208.263,0,0,0,1.506,1.785,0.057,0,-24.008,-193.981,0,0,0,1.496,10.888,0,0
16.637,-25.09,-210.73,0.035,0,0,1.507,10.951,0.466,0,0.001,0,-28.898,-207.774,0,0,0,1.506,1.784,0.057,0,-23.97,-193.473,0,0,0,1.496,10.901,0,0
16.682,-25.058,-210.233,0.035,0,0,1.507,10.952,0.466,0,0.001,0,-28.866,-207.275,0,0,0,1.506,1.785,0.057,0,-23.933,-192.974,0,0,0,1.496,10.903,0,0
16.728,-25.026,-209.736,0.035,0,0,1.506,10.952,0.466,0,0.001,0,-28.833,-206.777,0,0,0,1.506,1.788,0.057,0,-23.895,-192.465,0,0,0,1.496,10.916,0,0
16.773,-24.994,-209.239,0.035,0,0,1.506,10.952,0.466,0,0.001,0,-28.8,-206.268,0,0,0,1.506,1.788,0.057,0,-23.857,-191.967,0,0,0,1.496,10.918,0,0
16.818,-24.962,-208.743,0.035,0,0,1.506,10.952,0.466,0,0.001,0,-28.768,-205.779,0,0,0,1.506,1.787,0.057,0,-23.819,-191.458,0,0,0,1.496,10.931,0,0
16.864,-24.93,-208.246,0.035,0,0,1.506,10.952,0.466,0,0.001,0,-28.735,-205.28,0,0,0,1.505,1.785,0.057,0,-23.782,-190.96,0,0,0,1.496,10.932,0,0
16.909,-24.897,-207.749,0.035,0,0,1.506,10.952,0.466,0,0.001,0,-28.702,-204.781,0,0,0,1.505,1.785,0.057,0,-23.744,-190.451,0,0,0,1.496,10.945,0,0
16.955,-24.865,-207.252,0.035,0,0,1.506,10.952,0.466,0,0.001,0,-28.669,-204.282,0,0,0,1.505,1.784,0.057,0,-23.707,-189.952,0,0,0,1.496,10.947,0,0
17,-24.832,-206.756,0.035,0,0,1.506,10.952,0.466,0,0.001,0,-28.636,-203.783,0,0,0,1.505,1.784,0.057,0,-23.669,-189.444,0,0,0,1.496,10.959,0,0
17.046,-24.8,-206.259,0.035,0,0,1.505,10.952,0.466,0,0.001,0,-28.603,-203.294,0,0,0,1.505,1.787,0.057,0,-23.632,-188.945,0,0,0,1.496,10.963,0,0
17.092,-24.767,-205.762,0.035,0,0,1.505,10.952,0.466,0,0.001,0,-28.57,-202.795,0,0,0,1.505,1.787,0.057,0,-23.594,-188.437,0,0,0,1.496,10.974,0,0
17.137,-24.735,-205.265,0.035,0,0,1.505,10.952,0.466,0,0.001,0,-28.537,-202.296,0,0,0,1.505,1.786,0.057,0,-23.556,-187.938,0,0,0,1.496,10.976,0,0
17.183,-24.702,-204.768,0.035,0,0,1.505,10.952,0.466,0,0.001,0,-28.503,-201.797,0,0,0,1.504,1.784,0.057,0,-23.518,-187.429,0,0,0,1.496,10.989,0,0
17.227,-24.669,-204.272,0.035,0,0,1.505,10.952,0.466,0,0.001,0,-28.47,-201.299,0,0,0,1.504,1.784,0.057,0,-23.481,-186.931,0,0,0,1.496,10.991,0,0
17.273,-24.636,-203.775,0.035,0,0,1.505,10.952,0.466,0,0.001,0,-28.437,-200.81,0,0,0,1.504,1.783,0.057,0,-23.443,-186.422,0,0,0,1.496,11.003,0,0
17.319,-24.603,-203.278,0.035,0,0,1.505,10.953,0.466,0,0.001,0,-28.404,-200.311,0,0,0,1.504,1.784,0.057,0,-23.406,-185.924,0,0,0,1.496,11.004,0,0
17.364,-24.57,-202.781,0.035,0,0,1.504,10.953,0.466,0,0.001,0,-28.37,-199.812,0,0,0,1.504,1.787,0.057,0,-23.368,-185.415,0,0,0,1.496,11.018,0,0
17.41,-24.537,-202.285,0.035,0,0,1.504,10.953,0.466,0,0.001,0,-28.336,-199.313,0,0,0,1.504,1.786,0.057,0,-23.33,-184.916,0,0,0,1.496,11.021,0,0
17.455,-24.503,-201.788,0.035,0,0,1.504,10.953,0.466,0,0.001,0,-28.303,-198.824,0,0,0,1.503,1.785,0.057,0,-23.292,-184.408,0,0,0,1.496,11.032,0,0
17.501,-24.47,-201.291,0.035,0,0,1.504,10.953,0.466,0,0.001,0,-28.269,-198.325,0,0,0,1.503,1.784,0.057,0,-23.255,-183.909,0,0,0,1.496,11.034,0,0
17.546,-24.437,-200.794,0.035,0,0,1.504,10.953,0.466,0,0.001,0,-28.235,-197.817,0,0,0,1.503,1.784,0.057,0,-23.217,-183.401,0,0,0,1.496,11.046,0,0
17.591,-24.403,-200.298,0.035,0,0,1.504,10.953,0.466,0,0.001,0,-28.201,-197.318,0,0,0,1.503,1.784,0.057,0,-23.18,-182.902,0,0,0,1.496,11.049,0,0
17.637,-24.37,-199.801,0.035,0,0,1.503,10.953,0.466,0,0.001,0,-28.166,-196.819,0,0,0,1.503,1.787,0.057,0,-23.142,-182.393,0,0,0,1.496,11.062,0,0
17.682,-24.336,-199.304,0.035,0,0,1.503,10.953,0.466,0,0.001,0,-28.133,-196.33,0,0,0,1.503,1.787,0.057,0,-23.104,-181.895,0,0,0,1.496,11.064,0,0
17.728,-24.302,-198.808,0.035,0,0,1.503,10.953,0.466,0,0.001,0,-28.099,-195.831,0,0,0,1.503,1.787,0.057,0,-23.066,-181.386,0,0,0,1.496,11.077,0,0
17.774,-24.268,-198.311,0.035,0,0,1.503,10.953,0.466,0,0.001,0,-28.064,-195.332,0,0,0,1.502,1.785,0.057,0,-23.029,-180.888,0,0,0,1.496,11.078,0,0
17.819,-24.235,-197.814,0.035,0,0,1.503,10.953,0.466,0,0.001,0,-28.03,-194.834,0,0,0,1.502,1.784,0.057,0,-22.991,-180.379,0,0,0,1.496,11.09,0,0
17.864,-24.201,-197.317,0.035,0,0,1.503,10.953,0.466,0,0.001,0,-27.996,-194.345,0,0,0,1.502,1.783,0.057,0,-22.954,-179.88,0,0,0,1.496,11.092,0,0
17.909,-24.167,-196.821,0.035,0,0,1.503,10.953,0.466,0,0.001,0,-27.962,-193.846,0,0,0,1.502,1.784,0.057,0,-22.915,-179.372,0,0,0,1.496,11.105,0,0
17.955,-24.133,-196.324,0.035,0,0,1.502,10.953,0.466,0,0.001,0,-27.927,-193.347,0,0,0,1.502,1.787,0.057,0,-22.878,-178.873,0,0,0,1.496,11.108,0,0
18.001,-24.098,-195.827,0.035,0,0,1.502,10.954,0.466,0,0.001,0,-27.892,-192.848,0,0,0,1.502,1.787,0.057,0,-22.84,-178.365,0,0,0,1.496,11.119,0,0
18.046,-24.064,-195.331,0.035,0,0,1.502,10.954,0.466,0,0.001,0,-27.858,-192.35,0,0,0,1.502,1.787,0.057,0,-22.802,-177.866,0,0,0,1.496,11.122,0,0
18.092,-24.03,-194.834,0.035,0,0,1.502,10.954,0.466,0,0.001,0,-27.823,-191.861,0,0,0,1.501,1.784,0.057,0,-22.764,-177.358,0,0,0,1.496,11.134,0,0
18.137,-23.996,-194.337,0.035,0,0,1.502,10.954,0.466,0,0.001,0,-27.789,-191.362,0,0,0,1.501,1.784,0.057,0,-22.727,-176.859,0,0,0,1.496,11.136,0,0
18.183,-23.961,-193.841,0.035,0,0,1.502,10.954,0.466,0,0.001,0,-27.754,-190.863,0,0,0,1.501,1.784,0.057,0,-22.689,-176.35,0,0,0,1.496,11.149,0,0
18.228,-23.927,-193.344,0.035,0,0,1.502,10.954,0.466,0,0.001,0,-27.718,-190.364,0,0,0,1.501,1.783,0.057,0,-22.651,-175.852,0,0,0,1.496,11.15,0,0
18.274,-23.892,-192.847,0.035,0,0,1.501,10.954,0.466,0,0.001,0,-27.683,-189.856,0,0,0,1.501,1.788,0.057,0,-22.613,-175.343,0,0,0,1.496,11.163,0,0
18.319,-23.857,-192.35,0.035,0,0,1.501,10.954,0.466,0,0.001,0,-27.648,-189.367,0,0,0,1.501,1.787,0.057,0,-22.575,-174.845,0,0,0,1.496,11.165,0,0
18.364,-23.823,-191.854,0.035,0,0,1.501,10.954,0.466,0,0.001,0,-27.613,-188.868,0,0,0,1.5,1.785,0.057,0,-22.537,-174.336,0,0,0,1.496,11.178,0,0
18.409,-23.788,-191.357,0.035,0,0,1.501,10.954,0.466,0,0.001,0,-27.577,-188.369,0,0,0,1.5,1.784,0.057,0,-22.5,-173.838,0,0,0,1.496,11.179,0,0
18.455,-23.753,-190.86,0.035,0,0,1.501,10.954,0.466,0,0.001,0,-27.542,-187.871,0,0,0,1.5,1.784,0.057,0,-22.461,-173.329,0,0,0,1.496,11.191,0,0
18.5,-23.718,-190.364,0.035,0,0,1.501,10.954,0.466,0,0.001,0,-27.506,-187.372,0,0,0,1.5,1.783,0.057,0,-22.424,-172.83,0,0,0,1.496,11.194,0,0
18.546,-23.683,-189.867,0.035,0,0,1.5,10.954,0.466,0,0.001,0,-27.472,-186.883,0,0,0,1.5,1.788,0.057,0,-22.385,-172.322,0,0,0,1.496,11.207,0,0
18.592,-23.648,-189.37,0.035,0,0,1.5,10.954,0.466,0,0.001,0,-27.436,-186.384,0,0,0,1.5,1.787,0.057,0,-22.348,-171.823,0,0,0,1.496,11.209,0,0
18.637,-23.613,-188.873,0.035,0,0,1.5,10.955,0.466,0,0.001,0,-27.4,-185.886,0,0,0,1.5,1.786,0.057,0,-22.309,-171.315,0,0,0,1.495,11.219,0,0
18.683,-23.577,-188.377,0.035,0,0,1.5,10.955,0.466,0,0.001,0,-27.364,-185.387,0,0,0,1.499,1.785,0.057,0,-22.272,-170.816,0,0,0,1.495,11.222,0,0
18.728,-23.542,-187.88,0.035,0,0,1.5,10.955,0.466,0,0.001,0,-27.328,-184.888,0,0,0,1.499,1.784,0.057,0,-22.233,-170.308,0,0,0,1.495,11.233,0,0
18.773,-23.507,-187.383,0.035,0,0,1.5,10.955,0.466,0,0.001,0,-27.293,-184.4,0,0,0,1.499,1.783,0.057,0,-22.195,-169.809,0,0,0,1.495,11.236,0,0
18.819,-23.471,-186.887,0.035,0,0,1.5,10.955,0.466,0,0.001,0,-27.257,-183.901,0,0,0,1.499,1.783,0.057,0,-22.157,-169.3,0,0,0,1.495,11.249,0,0
18.864,-23.436,-186.39,0.035,0,0,1.499,10.955,0.466,0,0.001,0,-27.221,-183.402,0,0,0,1.499,1.787,0.057,0,-22.119,-168.802,0,0,0,1.495,11.251,0,0
18.91,-23.4,-185.893,0.035,0,0,1.499,10.955,0.466,0,0.001,0,-27.185,-182.903,0,0,0,1.499,1.787,0.057,0,-22.08,-168.293,0,0,0,1.495,11.263,0,0
18.955,-23.364,-185.397,0.035,0,0,1.499,10.955,0.466,0,0.001,0,-27.149,-182.405,0,0,0,1.499,1.787,0.057,0,-22.043,-167.795,0,0,0,1.495,11.265,0,0
19.001,-23.328,-184.9,0.035,0,0,1.499,10.955,0.466,0,0.001,0,-27.113,-181.916,0,0,0,1.498,1.785,0.057,0,-22.004,-167.286,0,0,0,1.495,11.277,0,0
19.047,-23.293,-184.403,0.035,0,0,1.499,10.955,0.466,0,0.001,0,-27.076,-181.407,0,0,0,1.498,1.784,0.057,0,-21.966,-166.788,0,0,0,1.495,11.279,0,0
19.092,-23.257,-183.907,0.035,0,0,1.499,10.955,0.466,0,0.001,0,-27.039,-180.909,0,0,0,1.498,1.783,0.057,0,-21.928,-166.279,0,0,0,1.495,11.292,0,0
19.137,-23.221,-183.41,0.035,0,0,1.499,10.955,0.466,0,0.001,0,-27.003,-180.41,0,0,0,1.498,1.783,0.057,0,-21.89,-165.781,0,0,0,1.495,11.293,0,0
19.183,-23.185,-182.913,0.035,0,0,1.498,10.955,0.466,0,0.001,0,-26.967,-179.921,0,0,0,1.498,1.787,0.057,0,-21.851,-165.272,0,0,0,1.495,11.306,0,0
19.229,-23.148,-182.417,0.035,0,0,1.498,10.955,0.466,0,0.001,0,-26.93,-179.423,0,0,0,1.498,1.787,0.057,0,-21.813,-164.773,0,0,0,1.495,11.309,0,0
19.274,-23.112,-181.92,0.035,0,0,1.498,10.955,0.466,0,0.001,0,-26.894,-178.924,0,0,0,1.498,1.787,0.057,0,-21.774,-164.265,0,0,0,1.495,11.32,0,0
19.319,-23.076,-181.423,0.035,0,0,1.498,10.956,0.466,0,0.001,0,-26.857,-178.425,0,0,0,1.497,1.785,0.057,0,-21.736,-163.766,0,0,0,1.495,11.322,0,0
19.364,-23.04,-180.927,0.035,0,0,1.498,10.956,0.466,0,0.001,0,-26.82,-177.927,0,0,0,1.497,1.784,0.057,0,-21.697,-163.258,0,0,0,1.495,11.335,0,0
19.41,-23.003,-180.43,0.035,0,0,1.498,10.956,0.466,0,0.001,0,-26.784,-177.438,0,0,0,1.497,1.784,0.057,0,-21.659,-162.759,0,0,0,1.495,11.337,0,0
19.455,-22.967,-179.933,0.035,0,0,1.498,10.956,0.466,0,0.001,0,-26.747,-176.94,0,0,0,1.497,1.783,0.057,0,-21.62,-162.251,0,0,0,1.495,11.348,0,0
19.501,-22.93,-179.437,0.035,0,0,1.497,10.956,0.466,0,0.001,0,-26.709,-176.441,0,0,0,1.497,1.787,0.057,0,-21.581,-161.742,0,0,0,1.495,11.362,0,0
19.547,-22.893,-178.94,0.035,0,0,1.497,10.956,0.466,0,0.001,0,-26.672,-175.942,0,0,0,1.497,1.787,0.057,0,-21.543,-161.244,0,0,0,1.495,11.363,0,0
19.592,-22.857,-178.444,0.035,0,0,1.497,10.956,0.466,0,0.001,0,-26.635,-175.444,0,0,0,1.497,1.786,0.057,0,-21.504,-160.735,0,0,0,1.494,11.375,0,0
19.637,-22.82,-177.947,0.035,0,0,1.497,10.956,0.466,0,0.001,0,-26.598,-174.955,0,0,0,1.496,1.784,0.057,0,-21.466,-160.237,0,0,0,1.494,11.376,0,0
19.683,-22.783,-177.45,0.035,0,0,1.497,10.956,0.466,0,0.001,0,-26.561,-174.456,0,0,0,1.496,1.784,0.057,0,-21.427,-159.728,0,0,0,1.494,11.388,0,0
19.729,-22.746,-176.954,0.035,0,0,1.497,10.956,0.466,0,0.001,0,-26.524,-173.958,0,0,0,1.496,1.784,0.057,0,-21.389,-159.23,0,0,0,1.494,11.391,0,0
19.774,-22.709,-176.457,0.035,0,0,1.497,10.956,0.466,0,0.001,0,-26.486,-173.459,0,0,0,1.496,1.783,0.057,0,-21.35,-158.721,0,0,0,1.494,11.403,0,0
19.819,-22.672,-175.96,0.035,0,0,1.496,10.956,0.466,0,0.001,0,-26.448,-172.961,0,0,0,1.496,1.787,0.057,0,-21.311,-158.223,0,0,0,1.494,11.405,0,0
19.864,-22.635,-175.464,0.035,0,0,1.496,10.956,0.466,0,0.001,0,-26.411,-172.462,0,0,0,1.496,1.787,0.057,0,-21.272,-157.714,0,0,0,1.494,11.418,0,0
19.91,-22.598,-174.967,0.035,0,0,1.496,10.956,0.466,0,0.001,0,-26.373,-171.964,0,0,0,1.496,1.786,0.057,0,-21.234,-157.216,0,0,0,1.494,11.419,0,0
19.955,-22.561,-174.47,0.035,0,0,1.496,10.957,0.466,0,0.001,0,-26.335,-171.465,0,0,0,1.496,1.786,0,0,-21.195,-156.707,0,0,0,1.494,11.431,0,0
20.001,-22.523,-173.974,0.035,0,0,1.496,10.957,0.466,0,0.001,0,-26.298,-170.966,0,0,0,1.495,1.785,0,0,-21.156,-156.209,0,0,0,1.494,11.433,0,0
20.046,-22.486,-173.477,0.035,0,0,1.496,10.957,0.466,0,0.001,0,-26.26,-170.468,0,0,0,1.495,1.784,0,0,-21.117,-155.7,0,0,0,1.494,11.445,0,0
20.092,-22.449,-172.98,0.035,0,0,1.496,10.957,0.466,0,0.001,0,-26.223,-169.979,0,0,0,1.495,1.783,0,0,-21.079,-155.202,0,0,0,1.494,11.446,0,0
20.137,-22.411,-172.484,0.035,0,0,1.496,10.957,0.466,0,0.001,0,-26.185,-169.481,0,0,0,1.495,1.784,0,0,-21.039,-154.693,0,0,0,1.494,11.459,0,0
20.183,-22.374,-171.987,0.035,0,0,1.496,10.957,0.466,0,0.001,0,-26.147,-168.982,0,0,0,1.495,1.783,0,0,-21.001,-154.195,0,0,0,1.494,11.46,0,0
20.229,-22.336,-171.491,0.035,0,0,1.495,10.957,0.466,0,0.001,0,-26.109,-168.483,0,0,0,1.495,1.787,0,0,-20.961,-153.686,0,0,0,1.494,11.475,0,0
20.274,-22.299,-170.994,0.035,0,0,1.495,10.957,0.466,0,0.001,0,-26.071,-167.985,0,0,0,1.495,1.787,0,0,-20.923,-153.188,0,0,0,1.494,11.476,0,0
20.319,-22.261,-170.497,0.035,0,0,1.495,10.957,0.466,0,0.001,0,-26.033,-167.486,0,0,0,1.495,1.787,0,0,-20.884,-152.679,0,0,0,1.494,11.488,0,0
20.365,-22.223,-170.001,0.035,0,0,1.495,10.957,0.466,0,0.001,0,-25.996,-166.998,0,0,0,1.495,1.787,0,0,-20.845,-152.181,0,0,0,1.494,11.49,0,0
20.41,-22.186,-169.504,0.035,0,0,1.495,10.957,0.466,0,0.001,0,-25.958,-166.499,0,0,0,1.495,1.786,0,0,-20.805,-151.672,0,0,0,1.493,11.501,0,0
20.455,-22.148,-169.007,0.035,0,0,1.495,10.957,0.466,0,0.001,0,-25.92,-166.001,0,0,0,1.495,1.786,0,0,-20.767,-151.174,0,0,0,1.493,11.502,0,0
20.501,-22.11,-168.511,0.035,0,0,1.495,10.957,0.466,0,0,0,-25.882,-165.502,0,0,0,1.495,1.787,0,0,-20.727,-150.665,0,0,0,1.493,11.515,0,0
20.546,-22.072,-168.014,0.035,0,0,1.495,10.957,0.466,0,0,0,-25.844,-165.004,0,0,0,1.495,1.787,0,0,-20.688,-150.167,0,0,0,1.493,11.516,0,0
20.592,-22.034,-167.517,0.035,0,0,1.495,10.958,0.466,0,0,0,-25.807,-164.515,0,0,0,1.495,1.787,0,0,-20.649,-149.658,0,0,0,1.493,11.528,0,0
20.637,-21.996,-167.021,0.035,0,0,1.495,10.958,0.466,0,0,0,-25.769,-164.016,0,0,0,1.495,1.787,0,0,-20.61,-149.16,0,0,0,1.493,11.53,0,0
20.683,-21.959,-166.524,0.035,0,0,1.495,10.958,0.466,0,0,0,-25.731,-163.518,0,0,0,1.495,1.786,0,0,-20.571,-148.651,0,0,0,1.493,11.542,0,0
20.728,-21.921,-166.027,0.035,0,0,1.494,10.958,0.466,0,0,0,-25.692,-163.019,0,0,0,1.495,1.786,0,0,-20.532,-148.153,0,0,0,1.493,11.544,0,0
20.773,-21.882,-165.531,0.035,0,0,1.494,10.958,0.466,0,0,0,-25.654,-162.521,0,0,0,1.495,1.787,0,0,-20.492,-147.644,0,0,0,1.493,11.557,0,0
20.819,-21.844,-165.034,0.035,0,0,1.494,10.958,0.466,0,0,0,-25.617,-162.032,0,0,0,1.494,1.79,0,0,-20.453,-147.146,0,0,0,1.493,11.559,0,0
20.864,-21.806,-164.538,0.035,0,0,1.494,10.958,0.466,0,0,0,-25.579,-161.534,0,0,0,1.494,1.79,0,0,-20.413,-146.637,0,0,0,1.493,11.572,0,0
20.91,-21.768,-164.041,0.035,0,0,1.494,10.958,0.466,0,0,0,-25.54,-161.035,0,0,0,1.494,1.789,0,0,-20.374,-146.139,0,0,0,1.493,11.573,0,0
20.955,-21.73,-163.544,0.035,0,0,1.494,10.958,0.466,0,0,0,-25.502,-160.537,0,0,0,1.494,1.789,0,0,-20.335,-145.63,0,0,0,1.493,11.585,0,0
21.001,-21.692,-163.048,0.035,0,0,1.494,10.958,0.466,0,0,0,-25.464,-160.038,0,0,0,1.494,1.789,0,0,-20.296,-145.132,0,0,0,1.493,11.587,0,0
21.046,-21.654,-162.551,0.035,0,0,1.494,10.958,0.466,0,0,0,-25.426,-159.55,0,0,0,1.494,1.789,0,0,-20.256,-144.624,0,0,0,1.493,11.598,0,0
21.092,-21.615,-162.054,0.035,0,0,1.494,10.958,0.466,0,0,0,-25.388,-159.051,0,0,0,1.494,1.79,0,0,-20.217,-144.125,0,0,0,1.493,11.6,0,0
21.137,-21.577,-161.558,0.035,0,0,1.494,10.958,0.466,0,0,0,-25.35,-158.552,0,0,0,1.494,1.79,0,0,-20.177,-143.617,0,0,0,1.493,11.612,0,0
21.182,-21.539,-161.061,0.035,0,0,1.494,10.958,0.466,0,0,0,-25.311,-158.054,0,0,0,1.494,1.789,0,0,-20.138,-143.118,0,0,0,1.493,11.614,0,0
21.228,-21.5,-160.564,0.035,0,0,1.494,10.958,0.466,0,0,0,-25.273,-157.555,0,0,0,1.494,1.79,0,0,-20.098,-142.61,0,0,0,1.493,11.625,0,0
21.273,-21.462,-160.068,0.035,0,0,1.494,10.959,0.466,0,0,0,-25.235,-157.057,0,0,0,1.494,1.79,0,0,-20.059,-142.111,0,0,0,1.492,11.627,0,0
21.319,-21.424,-159.571,0.035,0,0,1.494,10.959,0.466,0,0,0,-25.197,-156.568,0,0,0,1.494,1.79,0,0,-20.019,-141.603,0,0,0,1.492,11.638,0,0
21.364,-21.385,-159.075,0.035,0,0,1.494,10.959,0.466,0,0,0,-25.158,-156.07,0,0,0,1.494,1.79,0,0,-19.979,-141.104,0,0,0,1.492,11.642,0,0
21.41,-21.347,-158.578,0.035,0,0,1.494,10.959,0.466,0,0,0,-25.12,-155.571,0,0,0,1.494,1.79,0,0,-19.939,-140.596,0,0,0,1.492,11.653,0,0
21.456,-21.308,-158.081,0.035,0,0,1.494,10.959,0.466,0,0,0,-25.081,-155.073,0,0,0,1.494,1.79,0,0,-19.9,-140.098,0,0,0,1.492,11.654,0,0
21.501,-21.27,-157.585,0.035,0,0,1.494,10.959,0.466,0,0,0,-25.043,-154.574,0,0,0,1.494,1.79,0,0,-19.86,-139.589,0,0,0,1.492,11.667,0,0
21.547,-21.231,-157.088,0.035,0,0,1.493,10.959,0.466,0,0,0,-25.005,-154.086,0,0,0,1.494,1.791,0,0,-19.821,-139.091,0,0,0,1.492,11.669,0,0
21.592,-21.193,-156.591,0.035,0,0,1.493,10.959,0.466,0,0,0,-24.966,-153.587,0,0,0,1.494,1.79,0,0,-19.78,-138.582,0,0,0,1.492,11.681,0,0
21.637,-21.154,-156.095,0.035,0,0,1.493,10.959,0.466,0,0,0,-24.928,-153.089,0,0,0,1.494,1.791,0,0,-19.741,-138.084,0,0,0,1.492,11.683,0,0
21.683,-21.116,-155.598,0.035,0,0,1.493,10.959,0.466,0,0,0,-24.889,-152.59,0,0,0,1.494,1.791,0,0,-19.701,-137.575,0,0,0,1.492,11.695,0,0
21.728,-21.077,-155.101,0.035,0,0,1.493,10.959,0.466,0,0,0,-24.85,-152.092,0,0,0,1.493,1.793,0,0,-19.661,-137.077,0,0,0,1.492,11.696,0,0
21.774,-21.039,-154.605,0.035,0,0,1.493,10.959,0.466,0,0,0,-24.813,-151.603,0,0,0,1.493,1.793,0,0,-19.621,-136.569,0,0,0,1.492,11.708,0,0
21.819,-21,-154.108,0.035,0,0,1.493,10.959,0.466,0,0,0,-24.774,-151.105,0,0,0,1.493,1.793,0,0,-19.582,-136.07,0,0,0,1.492,11.71,0,0
21.865,-20.961,-153.611,0.035,0,0,1.493,10.959,0.466,0,0,0,-24.735,-150.606,0,0,0,1.493,1.794,0,0,-19.541,-135.562,0,0,0,1.492,11.721,0,0
21.911,-20.923,-153.115,0.035,0,0,1.493,10.959,0.466,0,0,0,-24.696,-150.098,0,0,0,1.493,1.794,0,0,-19.502,-135.063,0,0,0,1.492,11.724,0,0
21.955,-20.884,-152.618,0.035,0,0,1.493,10.96,0.466,0,0,0,-24.657,-149.599,0,0,0,1.493,1.794,0,0,-19.462,-134.555,0,0,0,1.492,11.735,0,0
22.001,-20.845,-152.121,0.035,0,0,1.493,10.96,0.466,0,0,0,-24.618,-149.101,0,0,0,1.493,1.794,0,0,-19.422,-134.056,0,0,0,1.492,11.738,0,0
22.046,-20.807,-151.625,0.035,0,0,1.493,10.96,0.466,0,0,0,-24.58,-148.612,0,0,0,1.493,1.793,0,0,-19.382,-133.548,0,0,0,1.492,11.75,0,0
22.092,-20.768,-151.128,0.035,0,0,1.493,10.96,0.466,0,0,0,-24.541,-148.114,0,0,0,1.493,1.793,0,0,-19.342,-133.05,0,0,0,1.492,11.751,0,0
22.137,-20.729,-150.631,0.035,0,0,1.493,10.96,0.466,0,0,0,-24.502,-147.615,0,0,0,1.493,1.793,0,0,-19.301,-132.541,0,0,0,1.491,11.762,0,0
22.183,-20.69,-150.135,0.035,0,0,1.493,10.96,0.466,0,0,0,-24.463,-147.117,0,0,0,1.493,1.794,0,0,-19.262,-132.043,0,0,0,1.491,11.764,0,0
22.228,-20.651,-149.638,0.035,0,0,1.493,10.96,0.466,0,0,0,-24.424,-146.618,0,0,0,1.493,1.794,0,0,-19.221,-131.534,0,0,0,1.491,11.776,0,0
22.274,-20.613,-149.141,0.035,0,0,1.493,10.96,0.466,0,0,0,-24.386,-146.13,0,0,0,1.493,1.793,0,0,-19.182,-131.036,0,0,0,1.491,11.777,0,0
22.319,-20.574,-148.645,0.035,0,0,1.493,10.96,0.466,0,0,0,-24.347,-145.631,0,0,0,1.493,1.793,0,0,-19.141,-130.528,0,0,0,1.491,11.789,0,0
22.365,-20.535,-148.148,0.035,0,0,1.493,10.96,0.466,0,0,0,-24.308,-145.133,0,0,0,1.493,1.793,0,0,-19.101,-130.029,0,0,0,1.491,11.791,0,0
22.413,-20.496,-147.651,0.035,0,0,1.493,10.96,0.466,0,0,0,-24.269,-144.634,0,0,0,1.493,1.794,0,0,-19.061,-129.521,0,0,0,1.491,11.802,0,0
